Rating,Reviews,Star Rating,Price,city_Banglore,city_Chennai,city_Delhi,city_Hyderabad,city_Kolkata,city_Mumbai,Rating Description_Average,Rating Description_Excellent,Rating Description_Good,Rating Description_Poor,Rating Description_Very Good,Hotel Name,Location,Nearest Landmark,Distance to Landmark,taxi_Start,taxi_Km
4.0,5593,5,7279,False,False,False,False,False,True,False,False,False,False,True,The Orchid Hotel Mumbai Vile Parle,Near Mumbai Airport ,Chhatrapati Shivaji International Airport,930,29.0,30.0
4.6,4987,5,10044,False,False,False,False,False,True,False,True,False,False,False,Trident Bandra Kurla,Bandra Kurla Complex ,Chhatrapati Shivaji International Airport,7800,29.0,30.0
4.5,2445,5,15485,False,False,False,False,False,True,False,True,False,False,False,ITC Grand Central - A Luxury Collection Hotel,South Mumbai ,Chhatrapati Shivaji International Airport,17500,29.0,30.0
3.9,4707,4,5711,False,False,False,False,False,True,False,False,False,False,True,IRA By Orchid Mumbai ( VITS Mumbai),Near Mumbai Airport ,Chhatrapati Shivaji International Airport,2300,29.0,30.0
4.6,5563,5,12030,False,False,False,False,False,True,False,True,False,False,False,Trident Nariman Point,Marine Drive ,Chhatrapati Shivaji International Airport,23470,29.0,30.0
4.1,6468,5,14160,False,False,False,False,False,True,False,False,False,False,True,The Lalit Mumbai,Near Mumbai Airport ,Chhatrapati Shivaji International Airport,1300,29.0,30.0
3.7,5340,4,5197,False,False,False,False,False,True,False,False,False,False,True,"Ginger Mumbai, Andheri East",Andheri East ,Chhatrapati Shivaji International Airport,3300,29.0,30.0
4.6,4563,5,10124,False,False,False,False,False,True,False,True,False,False,False,"Taj Santacruz, Mumbai",Near Mumbai Airport ,Chhatrapati Shivaji International Airport,560,29.0,30.0
3.9,121,3,4907,False,False,False,False,False,True,False,False,False,False,True,Hotel Surya Prakash,Chembur,Chhatrapati Shivaji International Airport,3500,29.0,30.0
4.2,1686,5,9991,False,False,False,False,False,True,False,False,False,False,True,Hilton Mumbai International Airport,Near Mumbai Airport ,Chhatrapati Shivaji International Airport,1600,29.0,30.0
4.3,2744,5,7932,False,False,False,False,False,True,False,True,False,False,False,Holiday Inn Mumbai International Airport,Near Mumbai Airport ,Chhatrapati Shivaji International Airport,3000,29.0,30.0
3.9,1376,3,1027,False,False,False,False,False,True,False,False,False,False,True,goSTOPS Mumbai - Rooms & Dorms,South Mumbai,Chhatrapati Shivaji International Airport,2200,29.0,30.0
4.1,4946,3,5359,False,False,False,False,False,True,False,False,False,False,True,The Regale by Tunga,Andheri East ,Chhatrapati Shivaji International Airport,3600,29.0,30.0
4.5,4222,5,13254,False,False,False,False,False,True,False,True,False,False,False,"Taj Lands End, Mumbai",Bandra West ,Chhatrapati Shivaji International Airport,8600,29.0,30.0
4.1,7206,5,9231,False,False,False,False,False,True,False,False,False,False,True,"Ramada Plaza By Wyndham Palm Grove, Juhu, Mumbai",Juhu ,Chhatrapati Shivaji International Airport,5800,29.0,30.0
4.2,7303,5,12272,False,False,False,False,False,True,False,False,False,False,True,Sahara Star,Near Mumbai Airport ,Chhatrapati Shivaji International Airport,760,29.0,30.0
3.8,632,3,1501,False,False,False,False,False,True,False,False,False,False,True,Qubestay Airport Capsule Hostel | Rooms & Dorms,Andheri East ,Chhatrapati Shivaji International Airport,3600,29.0,30.0
4.3,1829,5,8105,False,False,False,False,False,True,False,True,False,False,False,Courtyard by Marriott Mumbai International Airport,Near Mumbai Airport ,Chhatrapati Shivaji International Airport,3300,29.0,30.0
4.4,1431,5,9608,False,False,False,False,False,True,False,True,False,False,False,The Westin Mumbai Garden City,Goregaon ,Chhatrapati Shivaji International Airport,9500,29.0,30.0
4.4,1731,5,13072,False,False,False,False,False,True,False,True,False,False,False,JW Marriott Mumbai Juhu,Juhu ,Chhatrapati Shivaji International Airport,5500,29.0,30.0
4.4,4680,5,10642,False,False,False,False,False,True,False,True,False,False,False,ITC Maratha - A Luxury Collection Hotel,Near Mumbai Airport ,Chhatrapati Shivaji International Airport,1400,29.0,30.0
4.6,214,3,1599,False,False,False,False,False,True,False,True,False,False,False,City Stay,Andheri East ,Chhatrapati Shivaji International Airport,3700,29.0,30.0
4.5,2139,5,10490,False,False,False,False,False,True,False,True,False,False,False,JW Marriott Mumbai Sahar,Near Mumbai Airport ,Chhatrapati Shivaji International Airport,1200,29.0,30.0
4.3,3609,5,7855,False,False,False,False,False,True,False,True,False,False,False,Radisson Mumbai Andheri MIDC,Andheri East ,Chhatrapati Shivaji International Airport,4100,29.0,30.0
4.3,2276,5,10089,False,False,False,False,False,True,False,True,False,False,False,Sofitel Mumbai BKC- Luxury Brand by Accor,Bandra Kurla Complex ,Chhatrapati Shivaji International Airport,7600,29.0,30.0
4.5,2861,5,11114,False,False,False,False,False,True,False,True,False,False,False,The Leela Mumbai,Near Mumbai Airport ,Chhatrapati Shivaji International Airport,1700,29.0,30.0
4.4,102,5,8919,False,False,False,False,False,True,False,True,False,False,False,Novotel Mumbai International Airport,Near Mumbai Airport ,Chhatrapati Shivaji International Airport,1800,29.0,30.0
4.4,2166,5,8489,False,False,False,False,False,True,False,True,False,False,False,Radisson Blu Mumbai International Airport,Near Mumbai Airport ,Chhatrapati Shivaji International Airport,2100,29.0,30.0
4.2,2353,5,11495,False,False,False,False,False,True,False,False,False,False,True,Sun-N-Sand,Juhu ,Chhatrapati Shivaji International Airport,5800,29.0,30.0
4.5,1328,5,13628,False,False,False,False,False,True,False,True,False,False,False,The St. Regis Mumbai,South Mumbai ,Chhatrapati Shivaji International Airport,18400,29.0,30.0
4.0,1443,4,11804,False,False,False,False,False,True,False,False,False,False,True,Niranta Airport Transit Hotel & Lounge Terminal 2 Arrivals/Landside,In Mumbai Airport ,Netaji Subhash Chandra Bose International Airport,4700,29.0,30.0
4.4,2510,5,11648,False,False,False,False,False,True,False,True,False,False,False,"President, Mumbai - IHCL SeleQtions",South Mumbai ,Chhatrapati Shivaji International Airport,25400,29.0,30.0
3.6,2306,5,9032,False,False,False,False,False,True,False,False,False,False,True,Novotel Mumbai Juhu Beach,Juhu ,Chhatrapati Shivaji International Airport,5600,29.0,30.0
3.6,1990,3,7209,False,False,False,False,False,True,False,False,False,False,True,Ibis Mumbai Airport - An Accor Brand,Near Mumbai Airport ,Chhatrapati Shivaji International Airport,680,29.0,30.0
3.4,2721,3,3650,False,False,False,False,False,True,False,False,True,False,False,"Ginger Mumbai, Andheri (MIDC)",Jogeshwari East ,Chhatrapati Shivaji International Airport,5300,29.0,30.0
4.1,362,4,9495,False,False,False,False,False,True,False,False,False,False,True,Lakeside Chalet Marriott Executive Apartments,Powai ,Chhatrapati Shivaji International Airport,6500,29.0,30.0
3.3,324,4,6781,False,False,False,False,False,True,False,False,True,False,False,"Lemon Tree Hotel, Kalina, Mumbai",Bandra Kurla Complex ,Chhatrapati Shivaji International Airport,6700,29.0,30.0
3.6,3162,4,6705,False,False,False,False,False,True,False,False,False,False,True,Ramee Guestline Hotel Juhu,Juhu ,Chhatrapati Shivaji International Airport,5700,29.0,30.0
4.0,1173,4,7504,False,False,False,False,False,True,False,False,False,False,True,Ramee Techome,Khar West ,Chhatrapati Shivaji International Airport,5200,29.0,30.0
3.5,216,3,1659,False,False,False,False,False,True,False,False,False,False,True,Shabana,Colaba ,Chhatrapati Shivaji International Airport,28000,29.0,30.0
4.0,1817,3,6251,False,False,False,False,False,True,False,False,False,False,True,Hotel Bawa International,Near Mumbai Airport ,Chhatrapati Shivaji International Airport,810,29.0,30.0
3.8,478,4,3917,False,False,False,False,False,True,False,False,False,False,True,"Ginger Mumbai, Goregaon",Goregaon ,Chhatrapati Shivaji International Airport,8500,29.0,30.0
4.3,1855,5,12260,False,False,False,False,False,True,False,True,False,False,False,Grand Hyatt Mumbai,Near Mumbai Airport ,Chhatrapati Shivaji International Airport,3700,29.0,30.0
4.2,1292,5,11150,False,False,False,False,False,True,False,False,False,False,True,Hotel Marine Plaza,Churchgate ,Chhatrapati Shivaji International Airport,23270,29.0,30.0
4.2,5001,5,4860,False,False,False,False,False,True,False,False,False,False,True,"Lemon Tree Premier, Mumbai International Airport, Mumbai",Near Mumbai Airport ,Chhatrapati Shivaji International Airport,2300,29.0,30.0
3.7,3139,3,4025,False,False,False,False,False,True,False,False,False,False,True,Hotel Airport International,Near Mumbai Airport ,Chhatrapati Shivaji International Airport,780,29.0,30.0
3.5,906,4,3970,False,False,False,False,False,True,False,False,False,False,True,Dragonfly Hotel - The Art Hotel,Near Mumbai Airport ,Chhatrapati Shivaji International Airport,3100,29.0,30.0
4.4,1863,5,50267,False,False,False,False,False,True,False,True,False,False,False,Four Seasons Hotel Mumbai,South Mumbai,Chhatrapati Shivaji International Airport,3200,29.0,30.0
3.2,356,4,2334,False,False,False,False,False,True,False,False,True,False,False,Gateway Inn | Rooms in an Apartment,Near Mumbai Airport ,Chhatrapati Shivaji International Airport,2300,29.0,30.0
4.7,876,5,17491,False,False,False,False,False,True,False,True,False,False,False,"The Oberoi, Mumbai",Marine Drive ,Chhatrapati Shivaji International Airport,23420,29.0,30.0
4.2,1539,3,2688,False,False,False,False,False,True,False,False,False,False,True,Hotel Jyoti Dwelling,Near Mumbai Airport ,Chhatrapati Shivaji International Airport,3200,29.0,30.0
3.9,1406,3,8400,False,False,False,False,False,True,False,False,False,False,True,Indie Stays,Bandra Kurla Complex ,Chhatrapati Shivaji International Airport,5800,29.0,30.0
4.4,2189,5,9020,False,False,False,False,False,True,False,True,False,False,False,Meluha - The Fern,Powai ,Chhatrapati Shivaji International Airport,7200,29.0,30.0
4.8,4,3,1076,False,False,False,False,False,True,False,True,False,False,False,Afra dormitory,Andheri East ,Chhatrapati Shivaji International Airport,3300,29.0,30.0
3.8,387,3,4002,False,False,False,False,False,True,False,False,False,False,True,Hotel Airlink,Near Mumbai Airport ,Chhatrapati Shivaji International Airport,950,29.0,30.0
4.2,1842,5,10393,False,False,False,False,False,True,False,False,False,False,True,The Fern Goregaon,Goregaon ,Chhatrapati Shivaji International Airport,8900,29.0,30.0
4.1,1820,4,7377,False,False,False,False,False,True,False,False,False,False,True,Mirage Hotel,Near Mumbai Airport ,Chhatrapati Shivaji International Airport,1700,29.0,30.0
3.3,834,3,5237,False,False,False,False,False,True,False,False,True,False,False,Click Hotel Caliph,Powai ,Chhatrapati Shivaji International Airport,5400,29.0,30.0
3.7,1387,3,3910,False,False,False,False,False,True,False,False,False,False,True,HOTEL LEAFIO MARIGOLD,Near Mumbai Airport ,Chhatrapati Shivaji International Airport,2200,29.0,30.0
3.5,1528,3,4911,False,False,False,False,False,True,False,False,False,False,True,"Keys Select by Lemon Tree Hotels, Nestor, Mumbai",Andheri East ,Chhatrapati Shivaji International Airport,3000,29.0,30.0
4.1,1762,5,10090,False,False,False,False,False,True,False,False,False,False,True,Hotel Sea Princess,Juhu ,Chhatrapati Shivaji International Airport,5600,29.0,30.0
4.1,1335,3,4623,False,False,False,False,False,True,False,False,False,False,True,HOTEL WEGO,Near Mumbai Airport ,Chhatrapati Shivaji International Airport,2200,29.0,30.0
4.4,795,3,10148,False,False,False,False,False,True,False,True,False,False,False,Rodas - An Ecotel Hotel,Powai ,Chhatrapati Shivaji International Airport,7000,29.0,30.0
4.3,1282,5,10115,False,False,False,False,False,True,False,True,False,False,False,The Westin Mumbai Powai Lake,Powai ,Chhatrapati Shivaji International Airport,6700,29.0,30.0
4.2,143,3,1914,False,False,False,False,False,True,False,False,False,False,True,Mayura Aureole Co-Living,Goregaon ,Chhatrapati Shivaji International Airport,8400,29.0,30.0
3.8,1203,3,5957,False,False,False,False,False,True,False,False,False,False,True,Sea Green Hotel,Churchgate ,Chhatrapati Shivaji International Airport,23450,29.0,30.0
3.9,327,4,6683,False,False,False,False,False,True,False,False,False,False,True,ibis Mumbai Vikhroli - An Accor Brand,Vikhroli West ,Chhatrapati Shivaji International Airport,9500,29.0,30.0
3.3,798,3,4059,False,False,False,False,False,True,False,False,True,False,False,Aboo's Concord Galaxy,Near Mumbai Airport ,Chhatrapati Shivaji International Airport,1900,29.0,30.0
4.0,1202,3,7288,False,False,False,False,False,True,False,False,False,False,True,The Paradise by Tunga,Andheri East ,Chhatrapati Shivaji International Airport,3400,29.0,30.0
4.0,240,3,517,False,False,False,False,False,True,False,False,False,False,True,Address Dormitory,Andheri East ,Chhatrapati Shivaji International Airport,3200,29.0,30.0
3.8,135,3,3749,False,False,False,False,False,True,False,False,False,False,True,Arnna Hotel - Goregaon,Goregaon ,Chhatrapati Shivaji International Airport,7900,29.0,30.0
4.1,774,4,8426,False,False,False,False,False,True,False,False,False,False,True,Ramee Guestline Hotel - Dadar,South Mumbai,Chhatrapati Shivaji International Airport,24900,29.0,30.0
3.6,1167,3,4559,False,False,False,False,False,True,False,False,False,False,True,Hotel Metro Palace,Bandra West ,Chhatrapati Shivaji International Airport,5800,29.0,30.0
3.5,1566,3,3905,False,False,False,False,False,True,False,False,False,False,True,Hotel Manama,South Mumbai ,Chhatrapati Shivaji International Airport,29200,29.0,30.0
3.1,277,3,806,False,False,False,False,False,True,False,False,True,False,False,Aashiyana Dormitory,South Mumbai ,Chhatrapati Shivaji International Airport,29300,29.0,30.0
4.0,2465,4,5584,False,False,False,False,False,True,False,False,False,False,True,T24 Residency,Near Mumbai Airport ,Chhatrapati Shivaji International Airport,2000,29.0,30.0
4.7,802,5,27831,False,False,False,False,False,True,False,True,False,False,False,"The Taj Mahal Palace, Mumbai",Colaba ,Chhatrapati Shivaji International Airport,27180,29.0,30.0
3.7,1300,3,3584,False,False,False,False,False,True,False,False,False,False,True,The Roa Hotel,Ghatkopar West ,Chhatrapati Shivaji International Airport,5500,29.0,30.0
3.5,1919,3,2463,False,False,False,False,False,True,False,False,False,False,True,Hotel Leafio,Near Mumbai Airport ,Chhatrapati Shivaji International Airport,3100,29.0,30.0
3.8,419,3,4086,False,False,False,False,False,True,False,False,False,False,True,The Byke Delotel,Borivali West,Chhatrapati Shivaji International Airport,5150,29.0,30.0
3.8,701,4,9557,False,False,False,False,False,True,False,False,False,False,True,The Empresa Hotel,Andheri West ,Chhatrapati Shivaji International Airport,7600,29.0,30.0
3.8,592,3,4714,False,False,False,False,False,True,False,False,False,False,True,HOTEL KOHINOOR PARK,South Mumbai ,Chhatrapati Shivaji International Airport,13700,29.0,30.0
3.6,1257,3,3474,False,False,False,False,False,True,False,False,False,False,True,The Altruist Business Hotel (Andheri),Jogeshwari East ,Chhatrapati Shivaji International Airport,4500,29.0,30.0
3.7,3158,3,5888,False,False,False,False,False,True,False,False,False,False,True,Hotel Parle International,Near Mumbai Airport ,Chhatrapati Shivaji International Airport,1900,29.0,30.0
3.6,67,3,1174,False,False,False,False,False,True,False,False,False,False,True,Ocean Dormitory,Asalpha ,Chhatrapati Shivaji International Airport,3700,29.0,30.0
3.2,955,4,4451,False,False,False,False,False,True,False,False,True,False,False,Hotel Beacon T2,Near Mumbai Airport ,Chhatrapati Shivaji International Airport,3900,29.0,30.0
3.6,1401,3,3175,False,False,False,False,False,True,False,False,False,False,True,Hotel Columbus,Near Mumbai Airport ,Chhatrapati Shivaji International Airport,1500,29.0,30.0
3.9,985,3,6972,False,False,False,False,False,True,False,False,False,False,True,Sea Green South Hotel,Churchgate ,Chhatrapati Shivaji International Airport,23440,29.0,30.0
4.3,683,4,7264,False,False,False,False,False,True,False,True,False,False,False,Hotel Suba International,Near Mumbai Airport ,Chhatrapati Shivaji International Airport,2000,29.0,30.0
3.8,123,3,717,False,False,False,False,False,True,False,False,False,False,True,Classic Dormitory,Andheri East ,Chhatrapati Shivaji International Airport,3500,29.0,30.0
4.2,3937,5,15367,False,False,False,False,False,True,False,False,False,False,True,The Resort Mumbai,Madh,Indira Gandhi International Airport,4400,29.0,30.0
3.7,384,4,7560,False,False,False,False,False,True,False,False,False,False,True,The Mirador,Near Mumbai Airport ,Chhatrapati Shivaji International Airport,3200,29.0,30.0
4.2,1587,4,5750,False,False,False,False,False,True,False,False,False,False,True,The Sahil Hotel,South Mumbai ,Chhatrapati Shivaji International Airport,20900,29.0,30.0
3.3,1154,3,5238,False,False,False,False,False,True,False,False,True,False,False,Avion Hotel,Near Mumbai Airport ,Chhatrapati Shivaji International Airport,1600,29.0,30.0
3.6,214,3,867,False,False,False,False,False,True,False,False,False,False,True,Blossom Dormitory ( For Male and Female),Sakinaka ,Chhatrapati Shivaji International Airport,3400,29.0,30.0
3.9,963,4,5865,False,False,False,False,False,True,False,False,False,False,True,Comfort Inn Heritage,South Mumbai,Kempegowda International Airport,8200,29.0,30.0
3.8,1064,3,4754,False,False,False,False,False,True,False,False,False,False,True,Hotel Planet Residency,Near Mumbai Airport ,Chhatrapati Shivaji International Airport,2200,29.0,30.0
4.1,2183,4,7565,False,False,False,False,False,True,False,False,False,False,True,Hotel Kohinoor Elite,Near Mumbai Airport ,Chhatrapati Shivaji International Airport,6100,29.0,30.0
4.0,1866,4,6038,False,False,False,False,False,True,False,False,False,False,True,Residency Hotel Andheri,Andheri East ,Chhatrapati Shivaji International Airport,3200,29.0,30.0
3.9,7647,5,5093,False,False,False,False,True,False,False,False,False,False,True,The Park Kolkata,New Market Area ,Netaji Subhash Chandra Bose International Airport,14210,50.0,25.0
3.8,8656,5,4841,False,False,False,False,True,False,False,False,False,False,True,"Zone By The Park, Kolkata",New Town,Indira Gandhi International Airport,4300,50.0,25.0
4.4,1527,5,8352,False,False,False,False,True,False,False,True,False,False,False,JW Marriott Hotel Kolkata,Tangra,Chhatrapati Shivaji International Airport,2600,50.0,25.0
3.9,2355,4,4880,False,False,False,False,True,False,False,False,False,False,True,ibis Kolkata Rajarhat - An Accor Brand,New Town,Indira Gandhi International Airport,5800,50.0,25.0
4.2,2486,5,7129,False,False,False,False,True,False,False,False,False,False,True,The Lalit Great Eastern Kolkata,Bow Barracks ,Netaji Subhash Chandra Bose International Airport,17670,50.0,25.0
4.5,3849,5,9624,False,False,False,False,True,False,False,True,False,False,False,ITC Royal Bengal - A Luxury Collection Hotel,Tangra,Indira Gandhi International Airport,2300,50.0,25.0
4.2,3026,5,2938,False,False,False,False,True,False,False,False,False,False,True,"Lemon Tree Premier, New Town, Kolkata",New Town,Chennai International Airport,7800,50.0,25.0
4.1,2827,5,5674,False,False,False,False,True,False,False,False,False,False,True,Novotel Kolkata Hotel and Residences,New Town,Netaji Subhash Chandra Bose International Airport,11100,50.0,25.0
3.7,688,3,2120,False,False,False,False,True,False,False,False,False,False,True,All Fresco Hotel,Baguiati ,Netaji Subhash Chandra Bose International Airport,5600,50.0,25.0
3.9,2055,4,3770,False,False,False,False,True,False,False,False,False,False,True,Regenta Orko's Kolkata,Kasba ,Netaji Subhash Chandra Bose International Airport,19800,50.0,25.0
4.1,1655,3,5962,False,False,False,False,True,False,False,False,False,False,True,"Holiday Inn Express, Kolkata Airport",Dum Dum ,Netaji Subhash Chandra Bose International Airport,1700,50.0,25.0
3.3,534,3,981,False,False,False,False,True,False,False,False,True,False,False,Himalayan Inn Guest House - Near TCS Gitobitan,Salt Lake City,Netaji Subhash Chandra Bose International Airport,1800,50.0,25.0
4.1,2486,5,5364,False,False,False,False,True,False,False,False,False,False,True,Holiday Inn Kolkata Airport,Chinar Park ,Netaji Subhash Chandra Bose International Airport,4700,50.0,25.0
4.4,1556,5,6402,False,False,False,False,True,False,False,True,False,False,False,"Taj City Centre New Town, Kolkata",Rajarhat ,Netaji Subhash Chandra Bose International Airport,5800,50.0,25.0
4.4,2031,5,6506,False,False,False,False,True,False,False,True,False,False,False,"Vivanta Kolkata, EM Bypass",East Kolkata Township,Indira Gandhi International Airport,4600,50.0,25.0
4.2,1426,5,6474,False,False,False,False,True,False,False,False,False,False,True,Hyatt Regency Kolkata,Salt Lake City ,Netaji Subhash Chandra Bose International Airport,12340,50.0,25.0
4.7,1268,5,9244,False,False,False,False,True,False,False,True,False,False,False,The Oberoi Grand,New Market Area ,Netaji Subhash Chandra Bose International Airport,14930,50.0,25.0
4.1,2332,4,3342,False,False,False,False,True,False,False,False,False,False,True,"Fairfield by Marriott, Kolkata",New Town,Indira Gandhi International Airport,8500,50.0,25.0
4.0,3211,3,3570,False,False,False,False,True,False,False,False,False,False,True,Ethnotel,Dum Dum ,Netaji Subhash Chandra Bose International Airport,1700,50.0,25.0
3.8,417,3,1102,False,False,False,False,True,False,False,False,False,False,True,Backpackers Park Hostel @ParkStreet,New Market Area ,Netaji Subhash Chandra Bose International Airport,14150,50.0,25.0
4.4,2067,5,7067,False,False,False,False,True,False,False,True,False,False,False,THE WESTIN KOLKATA RAJARHAT,New Town ,Netaji Subhash Chandra Bose International Airport,9300,50.0,25.0
4.6,1165,5,8495,False,False,False,False,True,False,False,True,False,False,False,"Taj Bengal, Kolkata",Alipore,Chhatrapati Shivaji International Airport,2500,50.0,25.0
3.9,1943,4,4732,False,False,False,False,True,False,False,False,False,False,True,Hotel Senses,Salt Lake City ,Netaji Subhash Chandra Bose International Airport,10400,50.0,25.0
4.4,2325,5,8068,False,False,False,False,True,False,False,True,False,False,False,ITC Sonar - A Luxury Collection Hotel,Tangra,Indira Gandhi International Airport,10,50.0,25.0
4.3,669,4,6781,False,False,False,False,True,False,False,True,False,False,False,Kenilworth Hotel,Park Street Area,Netaji Subhash Chandra Bose International Airport,16300,50.0,25.0
3.9,3539,4,5041,False,False,False,False,True,False,False,False,False,False,True,The Peerless Inn,Near Howrah Train Station ,Netaji Subhash Chandra Bose International Airport,17470,50.0,25.0
3.9,1260,4,3606,False,False,False,False,True,False,False,False,False,False,True,De Sovrani,Salt Lake City,Chhatrapati Shivaji International Airport,4500,50.0,25.0
3.9,1861,5,3136,False,False,False,False,True,False,False,False,False,False,True,"Pride Plaza Hotel, Kolkata",New Town,Chhatrapati Shivaji International Airport,3200,50.0,25.0
4.6,77,3,934,False,False,False,False,True,False,False,True,False,False,False,"City Central Hostel, Kolkata",Kolkata ,Netaji Subhash Chandra Bose International Airport,13500,50.0,25.0
4.0,2312,4,3467,False,False,False,False,True,False,False,False,False,False,True,Siamton Inn - A Cygnett Collection,Park Street ,Netaji Subhash Chandra Bose International Airport,14010,50.0,25.0
4.1,1658,4,5600,False,False,False,False,True,False,False,False,False,False,True,Hotel Aauris,Park Street ,Netaji Subhash Chandra Bose International Airport,14430,50.0,25.0
3.9,1150,4,4326,False,False,False,False,True,False,False,False,False,False,True,"Howard Johnson by Wyndham, Kolkata Airport",Chinar Park ,Netaji Subhash Chandra Bose International Airport,3600,50.0,25.0
3.8,2036,3,4658,False,False,False,False,True,False,False,False,False,False,True,Park Prime Kolkata,Ballygunge,Indira Gandhi International Airport,4600,50.0,25.0
4.7,54,3,2828,False,False,False,False,True,False,False,True,False,False,False,Joey's Nest,Salt Lake City ,Netaji Subhash Chandra Bose International Airport,9500,50.0,25.0
3.6,1907,5,5112,False,False,False,False,True,False,False,False,False,False,True,Hotel Hindusthan International,Bhowanipore,Chhatrapati Shivaji International Airport,3100,50.0,25.0
4.1,1551,3,3360,False,False,False,False,True,False,False,False,False,False,True,Hotel Niharika,Elgin,Chhatrapati Shivaji International Airport,24000,50.0,25.0
4.0,3761,4,4632,False,False,False,False,True,False,False,False,False,False,True,Vedic Village Spa Resort,Vedic Village,Indira Gandhi International Airport,2300,50.0,25.0
3.6,1471,3,1781,False,False,False,False,True,False,False,False,False,False,True,Park Palace Hotel,Ballygunge,Netaji Subhash Chandra Bose International Airport,4100,50.0,25.0
4.3,92,3,1149,False,False,False,False,True,False,False,True,False,False,False,Offbeat CCU Bunkers,Topsia,Netaji Subhash Chandra Bose International Airport,15800,50.0,25.0
3.9,1744,4,4378,False,False,False,False,True,False,False,False,False,False,True,Monotel Luxury Business Hotel,Salt Lake City,Chhatrapati Shivaji International Airport,5600,50.0,25.0
3.9,1658,4,3761,False,False,False,False,True,False,False,False,False,False,True,AIRPORT CITY HOTEL,Birati ,Netaji Subhash Chandra Bose International Airport,2000,50.0,25.0
3.5,1990,3,3617,False,False,False,False,True,False,False,False,False,False,True,The Lindsay,New Market Area ,Netaji Subhash Chandra Bose International Airport,14870,50.0,25.0
4.0,547,3,2720,False,False,False,False,True,False,False,False,False,False,True,RituIvy,East Kolkata Township,Indira Gandhi International Airport,1800,50.0,25.0
3.8,826,4,3439,False,False,False,False,True,False,False,False,False,False,True,Hotel O2 Oxygen,Near Kolkata Airport ,Netaji Subhash Chandra Bose International Airport,2100,50.0,25.0
3.8,1058,3,2581,False,False,False,False,True,False,False,False,False,False,True,VISITEL - A BOUTIQUE HOTEL,Kankurgachi,Netaji Subhash Chandra Bose International Airport,2200,50.0,25.0
3.9,277,3,2514,False,False,False,False,True,False,False,False,False,False,True,IndiSmart Hotel,Salt Lake City,Netaji Subhash Chandra Bose International Airport,13400,50.0,25.0
4.0,461,3,4009,False,False,False,False,True,False,False,False,False,False,True,LYNQ AERO,Salt Lake City,Netaji Subhash Chandra Bose International Airport,56700,50.0,25.0
3.7,19,3,1360,False,False,False,False,True,False,False,False,False,False,True,"Park Guest House, Kolkata",Park Street ,Netaji Subhash Chandra Bose International Airport,14140,50.0,25.0
3.6,1448,3,3132,False,False,False,False,True,False,False,False,False,False,True,Regenta Inn Larica,Chinar Park ,Netaji Subhash Chandra Bose International Airport,4100,50.0,25.0
4.1,1538,4,4542,False,False,False,False,True,False,False,False,False,False,True,Golden Tulip Kolkata,Salt Lake City,Chhatrapati Shivaji International Airport,3200,50.0,25.0
4.3,1016,3,3024,False,False,False,False,True,False,False,True,False,False,False,The Senator,Elgin,Netaji Subhash Chandra Bose International Airport,16100,50.0,25.0
4.2,832,3,3273,False,False,False,False,True,False,False,False,False,False,True,Gallery 67,Ghose Bagan ,Netaji Subhash Chandra Bose International Airport,9400,50.0,25.0
3.5,24,3,2415,False,False,False,False,True,False,False,False,False,False,True,CHOWDHURY'S ESTATES,Elgin,Netaji Subhash Chandra Bose International Airport,14140,50.0,25.0
4.0,2274,4,4425,False,False,False,False,True,False,False,False,False,False,True,Pipal Tree Hotel,Chinar Park ,Netaji Subhash Chandra Bose International Airport,4200,50.0,25.0
4.0,606,3,3037,False,False,False,False,True,False,False,False,False,False,True,Stayotel,Dum Dum ,Netaji Subhash Chandra Bose International Airport,1500,50.0,25.0
4.6,576,5,6217,False,False,False,False,True,False,False,True,False,False,False,"Raajkutir, Kolkata - IHCL SeleQtions",Kankurgachi ,Netaji Subhash Chandra Bose International Airport,12410,50.0,25.0
4.1,844,4,6170,False,False,False,False,True,False,False,False,False,False,True,The Sonnet,Salt Lake City,Netaji Subhash Chandra Bose International Airport,4000,50.0,25.0
3.7,262,4,2375,False,False,False,False,True,False,False,False,False,False,True,Aristocrat Hotel,New Town,Netaji Subhash Chandra Bose International Airport,14710,50.0,25.0
3.8,1051,3,3044,False,False,False,False,True,False,False,False,False,False,True,The Fern Residency Kolkata,Chinar Park ,Netaji Subhash Chandra Bose International Airport,4200,50.0,25.0
3.8,776,3,3720,False,False,False,False,True,False,False,False,False,False,True,Sapphire Suites,New Market Area ,Netaji Subhash Chandra Bose International Airport,14780,50.0,25.0
4.0,862,3,3108,False,False,False,False,True,False,False,False,False,False,True,Victoria Hotel,Chinar Park ,Netaji Subhash Chandra Bose International Airport,4000,50.0,25.0
3.3,608,3,2001,False,False,False,False,True,False,False,False,True,False,False,The Pearl Hotel,Beliaghata ,Netaji Subhash Chandra Bose International Airport,12440,50.0,25.0
4.2,933,4,5422,False,False,False,False,True,False,False,False,False,False,True,The Astor,Park Street Area,Chhatrapati Shivaji International Airport,2200,50.0,25.0
4.2,296,3,4537,False,False,False,False,True,False,False,False,False,False,True,Barsana Boutique Hotel (Pure vegetarian),Tangra,Netaji Subhash Chandra Bose International Airport,16300,50.0,25.0
4.0,1441,3,3859,False,False,False,False,True,False,False,False,False,False,True,THE MAUREEN KOLKATA,Baguiati ,Netaji Subhash Chandra Bose International Airport,4700,50.0,25.0
4.2,12,3,2298,False,False,False,False,True,False,False,False,False,False,True,The Aster Penthouse,Ballygunge ,Netaji Subhash Chandra Bose International Airport,14960,50.0,25.0
4.0,106,3,2464,False,False,False,False,True,False,False,False,False,False,True,The Firangipani Suites,New Town,Indira Gandhi International Airport,4100,50.0,25.0
4.1,1087,3,3927,False,False,False,False,True,False,False,False,False,False,True,Celesta,Baguiati ,Netaji Subhash Chandra Bose International Airport,5800,50.0,25.0
3.3,1312,3,1523,False,False,False,False,True,False,False,False,True,False,False,HOTEL EASTERN PLAZA,Kaikhali ,Netaji Subhash Chandra Bose International Airport,4100,50.0,25.0
3.6,432,3,2705,False,False,False,False,True,False,False,False,False,False,True,Hotel Aura,New Market Area,Netaji Subhash Chandra Bose International Airport,11560,50.0,25.0
3.8,1077,3,3085,False,False,False,False,True,False,False,False,False,False,True,Viceroy Kolkata (Boutique Hotel),Chinar Park ,Netaji Subhash Chandra Bose International Airport,3800,50.0,25.0
4.2,593,4,5140,False,False,False,False,True,False,False,False,False,False,True,Beyzaa Hotel & Suites (Brewery Hotel),Salt Lake City,Netaji Subhash Chandra Bose International Airport,480,50.0,25.0
3.4,577,3,3953,False,False,False,False,True,False,False,False,True,False,False,The CORPORATE,Park Street ,Netaji Subhash Chandra Bose International Airport,14130,50.0,25.0
3.6,1375,3,1964,False,False,False,False,True,False,False,False,False,False,True,Hotel Trimoorti,Bhowanipore,Chhatrapati Shivaji International Airport,2200,50.0,25.0
3.9,376,3,758,False,False,False,False,True,False,False,False,False,False,True,Bubble Beds,Kalighat ,Netaji Subhash Chandra Bose International Airport,23600,50.0,25.0
3.9,376,3,2857,False,False,False,False,True,False,False,False,False,False,True,The Opus Kolkata - A Boutique Hotel,Bhowanipore,Chhatrapati Shivaji International Airport,960,50.0,25.0
3.7,975,4,1642,False,False,False,False,True,False,False,False,False,False,True,Hotel Crest Inn,Park Circus,Netaji Subhash Chandra Bose International Airport,18440,50.0,25.0
3.6,219,3,4537,False,False,False,False,True,False,False,False,False,False,True,Golden Parkk,Park Street Area ,Netaji Subhash Chandra Bose International Airport,14960,50.0,25.0
3.8,324,3,1712,False,False,False,False,True,False,False,False,False,False,True,Hotel The Crest,Park Circus,Chhatrapati Shivaji International Airport,6700,50.0,25.0
3.4,383,3,1815,False,False,False,False,True,False,False,False,True,False,False,Park Victoria Hotel,New Market Area ,Netaji Subhash Chandra Bose International Airport,14250,50.0,25.0
4.0,777,3,3919,False,False,False,False,True,False,False,False,False,False,True,The Samilton,Bhowanipore,Netaji Subhash Chandra Bose International Airport,15900,50.0,25.0
3.8,127,3,3070,False,False,False,False,True,False,False,False,False,False,True,Treebo Trend Orion Sapphire Beck Bagan,Park Street ,Netaji Subhash Chandra Bose International Airport,14770,50.0,25.0
4.4,142,3,2561,False,False,False,False,True,False,False,True,False,False,False,Eennra Oiitijhyya,Keyatala,Chhatrapati Shivaji International Airport,8400,50.0,25.0
4.1,635,3,1289,False,False,False,False,True,False,False,False,False,False,True,Basera Guest House,Gariahat,Netaji Subhash Chandra Bose International Airport,3600,50.0,25.0
3.8,634,3,2948,False,False,False,False,True,False,False,False,False,False,True,LYNQ-CICO - Hotel,Alipore,Netaji Subhash Chandra Bose International Airport,3600,50.0,25.0
3.7,396,3,2514,False,False,False,False,True,False,False,False,False,False,True,The Lake Hotel,Dhakuria,Chhatrapati Shivaji International Airport,2900,50.0,25.0
3.7,70,3,3937,False,False,False,False,True,False,False,False,False,False,True,Treebo Tryst Tahoora International Park Street,Park Street ,Netaji Subhash Chandra Bose International Airport,14100,50.0,25.0
3.8,276,3,3875,False,False,False,False,True,False,False,False,False,False,True,Southern Plaza,Kalighat,Netaji Subhash Chandra Bose International Airport,25600,50.0,25.0
3.8,736,4,2288,False,False,False,False,True,False,False,False,False,False,True,DIAMOND PLAZA,Bow Bazaar ,Netaji Subhash Chandra Bose International Airport,4200,50.0,25.0
3.6,431,3,3715,False,False,False,False,True,False,False,False,False,False,True,Lytton Hotel,New Market Area ,Netaji Subhash Chandra Bose International Airport,14560,50.0,25.0
3.9,356,3,2693,False,False,False,False,True,False,False,False,False,False,True,Hotel O2 VIP,Near Kolkata Airport ,Netaji Subhash Chandra Bose International Airport,2000,50.0,25.0
3.8,600,3,3537,False,False,False,False,True,False,False,False,False,False,True,Hotel Gateway Continental,Dum Dum ,Netaji Subhash Chandra Bose International Airport,1300,50.0,25.0
4.0,539,3,1333,False,False,False,False,True,False,False,False,False,False,True,Hotel Air View,Dum Dum ,Netaji Subhash Chandra Bose International Airport,1800,50.0,25.0
3.9,693,3,4884,False,False,False,False,True,False,False,False,False,False,True,Hotel Casa Fortuna,Park Street Area,Netaji Subhash Chandra Bose International Airport,5600,50.0,25.0
3.5,264,3,3135,False,False,False,False,True,False,False,False,False,False,True,Middleton Inn,Park Street ,Netaji Subhash Chandra Bose International Airport,14710,50.0,25.0
3.6,687,3,2682,False,False,False,False,True,False,False,False,False,False,True,Hotel Sawood International,Tangra,Netaji Subhash Chandra Bose International Airport,5600,50.0,25.0
3.7,7994,5,6930,False,False,False,True,False,False,False,False,False,False,True,Radisson Hyderabad Hitec City,Gachibowli,Indira Gandhi International Airport,4300,100.0,30.0
3.7,11318,5,6983,False,False,False,True,False,False,False,False,False,False,True,The Park Hyderabad,Somajiguda,Indira Gandhi International Airport,4300,100.0,30.0
4.3,2465,5,17635,False,False,False,True,False,False,False,True,False,False,False,ITC Kohenur - A Luxury Collection Hotel,Hitech City,Indira Gandhi International Airport,970,100.0,30.0
3.9,5006,4,4822,False,False,False,True,False,False,False,False,False,False,True,Fairfield by Marriott Hyderabad Gachibowli,Gachibowli,Chhatrapati Shivaji International Airport,2300,100.0,30.0
4.1,4632,5,7883,False,False,False,True,False,False,False,False,False,False,True,Radisson Blu Plaza Hotel,Banjara Hills,Chhatrapati Shivaji International Airport,2300,100.0,30.0
4.0,5372,4,5701,False,False,False,True,False,False,False,False,False,False,True,Lemon Tree Hotel Gachibowli,Gachibowli,Rajiv Gandhi International Airport,30100,100.0,30.0
3.9,4338,3,3704,False,False,False,True,False,False,False,False,False,False,True,Red Fox Hotel Hyderabad,Hitech City,Rajiv Gandhi International Airport,33800,100.0,30.0
4.1,2775,4,3504,False,False,False,True,False,False,False,False,False,False,True,"Lemon Tree Hotel, Banjara Hills, Hyderabad",Banjara Hills,Indira Gandhi International Airport,760,100.0,30.0
4.5,1580,5,9100,False,False,False,True,False,False,False,True,False,False,False,"Taj Krishna, Hyderabad",Banjara Hills,Rajiv Gandhi International Airport,30400,100.0,30.0
3.9,1278,5,14243,False,False,False,True,False,False,False,False,False,False,True,Novotel Hyderabad Airport,Near Hyderabad Airport ,Rajiv Gandhi International Airport,3600,100.0,30.0
4.0,263,3,3137,False,False,False,True,False,False,False,False,False,False,True,Rester Select Kukatpally,Kukatpally,Rajiv Gandhi International Airport,40710,100.0,30.0
4.1,3981,4,6159,False,False,False,True,False,False,False,False,False,False,True,The Golkonda Hotel,Masab Tank,Indira Gandhi International Airport,2300,100.0,30.0
4.7,1517,5,14927,False,False,False,True,False,False,False,True,False,False,False,Trident Hyderabad,Hitech City,Chhatrapati Shivaji International Airport,2600,100.0,30.0
3.8,4341,4,3999,False,False,False,True,False,False,False,False,False,False,True,Ellaa Hotel Gachibowli,Gachibowli,Rajiv Gandhi International Airport,32600,100.0,30.0
4.0,5148,5,4397,False,False,False,True,False,False,False,False,False,False,True,Lemon Tree Premier HITEC City Hyderabad,Hitech City,Chhatrapati Shivaji International Airport,770,100.0,30.0
3.8,1016,3,5746,False,False,False,True,False,False,False,False,False,False,True,ibis Hyderabad HITEC City - An Accor Brand,Hitech City,Rajiv Gandhi International Airport,33900,100.0,30.0
4.1,1695,5,8140,False,False,False,True,False,False,False,False,False,False,True,Hyatt Place Hyderabad Banjara Hills,Banjara Hills,Rajiv Gandhi International Airport,8500,100.0,30.0
4.4,2743,5,7433,False,False,False,True,False,False,False,True,False,False,False,"Vivanta Hyderabad, Begumpet",Begumpet,Indira Gandhi International Airport,8100,100.0,30.0
4.0,300,3,1825,False,False,False,True,False,False,False,False,False,False,True,Zen Comfort,Gachibowli,Rajiv Gandhi International Airport,31900,100.0,30.0
4.3,1240,5,7113,False,False,False,True,False,False,False,True,False,False,False,Hyderabad Marriott Hotel and Convention Centre,Kavadiguda,Chhatrapati Shivaji International Airport,4500,100.0,30.0
4.1,2343,3,2788,False,False,False,True,False,False,False,False,False,False,True,HOTEL SIGNATURE AIRPORT ZONE SHAMSHABAD,Shamshabad ,Rajiv Gandhi International Airport,8500,100.0,30.0
4.1,1948,4,6799,False,False,False,True,False,False,False,False,False,False,True,Daspalla Hotel,Jubilee Hills,Rajiv Gandhi International Airport,31400,100.0,30.0
4.2,1722,3,1663,False,False,False,True,False,False,False,False,False,False,True,Hotel OAK by Signature,Shamshabad ,Rajiv Gandhi International Airport,8500,100.0,30.0
4.0,2503,4,7359,False,False,False,True,False,False,False,False,False,False,True,Aditya Park Hyderabad - A Sarovar Hotel,Ameerpet,Indira Gandhi International Airport,970,100.0,30.0
4.2,874,5,10741,False,False,False,True,False,False,False,False,False,False,True,"Park Hyatt Hotel and Residences, Hyderabad",Sri Nagar Colony,Rajiv Gandhi International Airport,33700,100.0,30.0
4.3,2477,5,7199,False,False,False,True,False,False,False,True,False,False,False,Marigold By Green Park,Ameerpet,Indira Gandhi International Airport,970,100.0,30.0
3.8,1599,3,3784,False,False,False,True,False,False,False,False,False,False,True,Hotel Hyderabad Grand,Shamshabad ,Rajiv Gandhi International Airport,7600,100.0,30.0
4.2,1864,4,6389,False,False,False,True,False,False,False,False,False,False,True,Green Park,Ameerpet,Chhatrapati Shivaji International Airport,3200,100.0,30.0
3.6,3819,3,2607,False,False,False,True,False,False,False,False,False,False,True,The Central Court,Lakdikapul,Indira Gandhi International Airport,2300,100.0,30.0
3.5,1894,3,5527,False,False,False,True,False,False,False,False,False,False,True,Holiday Inn Express Hyderabad HITEC City,Hitech City,Indira Gandhi International Airport,7700,100.0,30.0
4.1,87,3,1086,False,False,False,True,False,False,False,False,False,False,True,Slackpackr Hostel,Begumpet,Rajiv Gandhi International Airport,35100,100.0,30.0
3.5,2359,3,4680,False,False,False,True,False,False,False,False,False,False,True,Holiday Inn Express Hyderabad Banjara Hills,Punjagutta,Indira Gandhi International Airport,5800,100.0,30.0
4.1,949,3,3734,False,False,False,True,False,False,False,False,False,False,True,CITADEL Hotel By Vinnca,Gaghan Pahad,Chhatrapati Shivaji International Airport,3900,100.0,30.0
3.5,2234,3,2240,False,False,False,True,False,False,False,False,False,False,True,Aditya Hometel Hyderabad - A Sarovar Hotel,Ameerpet,Indira Gandhi International Airport,9800,100.0,30.0
4.4,517,4,9311,False,False,False,True,False,False,False,True,False,False,False,Hotel Deccan Serai Grande,Gachibowli,Chennai International Airport,2900,100.0,30.0
2.8,3250,3,4212,False,False,False,True,False,False,True,False,False,False,False,Katriya Hotel and Towers,Somajiguda,Chhatrapati Shivaji International Airport,4200,100.0,30.0
3.8,2861,3,3338,False,False,False,True,False,False,False,False,False,False,True,Hotel Saptagiri Hyderabad,Shivaji Nagar ,Rajiv Gandhi International Airport,36400,100.0,30.0
3.8,1680,3,4270,False,False,False,True,False,False,False,False,False,False,True,Hampshire Plaza Hotel,Lakdikapul,Rajiv Gandhi International Airport,2000,100.0,30.0
4.4,2694,5,8016,False,False,False,True,False,False,False,True,False,False,False,"Taj Deccan, Hyderabad",Banjara Hills,Indira Gandhi International Airport,8100,100.0,30.0
4.2,2073,5,8064,False,False,False,True,False,False,False,False,False,False,True,Avasa Hotel,Madhapur,Indira Gandhi International Airport,39000,100.0,30.0
4.1,520,3,3152,False,False,False,True,False,False,False,False,False,False,True,Hotel Akoya - HITECH City Hyderabad,Hitech City,Chennai International Airport,2900,100.0,30.0
3.8,93,3,1653,False,False,False,True,False,False,False,False,False,False,True,MARIGOLD AT NEST,Gachibowli,Indira Gandhi International Airport,4100,100.0,30.0
3.8,1012,3,2561,False,False,False,True,False,False,False,False,False,False,True,HOTEL RAINTR33,Hitech City,Rajiv Gandhi International Airport,34100,100.0,30.0
3.9,206,3,1403,False,False,False,True,False,False,False,False,False,False,True,Urban Nest Luxury Rooms,Kokapet,Rajiv Gandhi International Airport,46600,100.0,30.0
4.2,2033,5,11506,False,False,False,True,False,False,False,False,False,False,True,Novotel Hyderabad Convention Centre,Hitech City,Indira Gandhi International Airport,4600,100.0,30.0
4.0,866,4,4155,False,False,False,True,False,False,False,False,False,False,True,Hotel B Plus L,Hitech City,Netaji Subhash Chandra Bose International Airport,4000,100.0,30.0
3.9,236,3,1822,False,False,False,True,False,False,False,False,False,False,True,La Hometel Hotel - HITECH City Hyderabad,Hitech City,Chhatrapati Shivaji International Airport,3200,100.0,30.0
4.3,1059,5,11090,False,False,False,True,False,False,False,True,False,False,False,Le Meridien Hyderabad,Gachibowli,Netaji Subhash Chandra Bose International Airport,2200,100.0,30.0
3.2,958,3,2110,False,False,False,True,False,False,False,False,True,False,False,The Conclave,Gachibowli,Chhatrapati Shivaji International Airport,3900,100.0,30.0
4.0,613,3,2133,False,False,False,True,False,False,False,False,False,False,True,The Landmark Banjara Hills,Banjara Hills,Netaji Subhash Chandra Bose International Airport,840,100.0,30.0
3.3,1544,3,2051,False,False,False,True,False,False,False,False,True,False,False,THE CENT,Lakdikapul,Chhatrapati Shivaji International Airport,3200,100.0,30.0
4.5,981,4,7389,False,False,False,True,False,False,False,True,False,False,False,Courtyard by Marriott Hyderabad,Kavadiguda,Rajiv Gandhi International Airport,34300,100.0,30.0
3.7,1888,4,5306,False,False,False,True,False,False,False,False,False,False,True,The Altruist Business Hotel (Hitech),Shilpa Hills,Indira Gandhi International Airport,7700,100.0,30.0
3.7,1236,3,3526,False,False,False,True,False,False,False,False,False,False,True,Istay Hotels Hitec,Kondapur,Chhatrapati Shivaji International Airport,4500,100.0,30.0
4.1,864,5,9545,False,False,False,True,False,False,False,False,False,False,True,Hyatt Hyderabad Gachibowli,Gachibowli,Netaji Subhash Chandra Bose International Airport,4000,100.0,30.0
3.8,1515,3,2874,False,False,False,True,False,False,False,False,False,False,True,The Art Boutique Hotel,Gachibowli,Chhatrapati Shivaji International Airport,2600,100.0,30.0
3.9,2183,3,1383,False,False,False,True,False,False,False,False,False,False,True,Hotel Imperial Classic,Himayat Nagar,Chhatrapati Shivaji International Airport,7200,100.0,30.0
4.2,773,4,6612,False,False,False,True,False,False,False,False,False,False,True,Mercure Hyderabad KCP - An AccorHotels brand,Punjagutta,Rajiv Gandhi International Airport,31300,100.0,30.0
4.0,435,3,2769,False,False,False,True,False,False,False,False,False,False,True,Veeraj Suites,Rai Durg,Rajiv Gandhi International Airport,32100,100.0,30.0
4.1,181,3,4995,False,False,False,True,False,False,False,False,False,False,True,Bloom Hotel - Gachibowli,Gachibowli,Chennai International Airport,9400,100.0,30.0
4.5,957,4,7997,False,False,False,True,False,False,False,True,False,False,False,Oakwood Residence Kapil Hyderabad,Gachibowli,Chhatrapati Shivaji International Airport,3900,100.0,30.0
4.1,3109,4,5400,False,False,False,True,False,False,False,False,False,False,True,Aalankrita Resort & Convention,Secunderabad ,Rajiv Gandhi International Airport,73100,100.0,30.0
3.9,1019,3,5264,False,False,False,True,False,False,False,False,False,False,True,Minerva Grand- Kondapur,Kothaguda,Rajiv Gandhi International Airport,34300,100.0,30.0
3.9,263,3,5293,False,False,False,True,False,False,False,False,False,False,True,M SQUARE HOTEL,Hitech City,Rajiv Gandhi International Airport,40710,100.0,30.0
3.4,152,3,1538,False,False,False,True,False,False,False,False,True,False,False,Sri Sri Suites,Madhapur,Chhatrapati Shivaji International Airport,8400,100.0,30.0
2.7,258,3,3803,False,False,False,True,False,False,True,False,False,False,False,The Manohar,Begumpet,Chennai International Airport,8400,100.0,30.0
4.1,1434,3,3584,False,False,False,True,False,False,False,False,False,False,True,The Lime Boutique Suites,Gachibowli,Netaji Subhash Chandra Bose International Airport,4700,100.0,30.0
3.9,992,3,2765,False,False,False,True,False,False,False,False,False,False,True,Taj Tristar,Secunderabad ,Rajiv Gandhi International Airport,36000,100.0,30.0
4.0,1453,3,5376,False,False,False,True,False,False,False,False,False,False,True,Minerva Grand - Banjara,Banjara Hills,Netaji Subhash Chandra Bose International Airport,4100,100.0,30.0
4.3,769,5,126612,False,False,False,True,False,False,False,True,False,False,False,Sheraton Hyderabad,Gachibowli,Rajiv Gandhi International Airport,30400,100.0,30.0
4.2,1071,5,10382,False,False,False,True,False,False,False,False,False,False,True,ITC Kakatiya - A Luxury Collection Hotel,Begumpet,Netaji Subhash Chandra Bose International Airport,2200,100.0,30.0
4.1,1037,3,4201,False,False,False,True,False,False,False,False,False,False,True,Bikanervala Boutique Hotel,Banjara Hills,Netaji Subhash Chandra Bose International Airport,2200,100.0,30.0
4.2,15697,5,6786,False,False,True,False,False,False,False,False,False,False,True,"Country Inn and Suites by Radisson, Sahibabad",In Ghaziabad ,Indira Gandhi International Airport,50900,50.0,25.0
4.0,1826,5,5644,False,False,True,False,False,False,False,False,False,False,True,Radisson Blu Kaushambi Delhi NCR,In Ghaziabad ,Indira Gandhi International Airport,48900,50.0,25.0
3.8,5694,5,6908,False,False,True,False,False,False,False,False,False,False,True,The Ashok,Chanakyapuri ,Indira Gandhi International Airport,9800,50.0,25.0
4.0,7275,5,7279,False,False,True,False,False,False,False,False,False,False,True,Pride Plaza Hotel Aerocity New Delhi,Aerocity ,Indira Gandhi International Airport,4000,50.0,25.0
3.9,2057,4,4257,False,False,True,False,False,False,False,False,False,False,True,"Golden Tulip Vasundhara Hotel & Suites, Delhi NCR",In Ghaziabad ,Indira Gandhi International Airport,51900,50.0,25.0
4.0,9348,5,7960,False,False,True,False,False,False,False,False,False,False,True,"Welcomhotel by ITC Hotels, Dwarka, New Delhi",Sector 10 Dwarka,Indira Gandhi International Airport,4300,50.0,25.0
4.2,5734,5,7619,False,False,True,False,False,False,False,False,False,False,True,Holiday Inn New Delhi International Airport,Aerocity ,Indira Gandhi International Airport,3800,50.0,25.0
4.1,4534,5,8374,False,False,True,False,False,False,False,False,False,False,True,Novotel New Delhi International Airport- An Accor hotels brand,Aerocity ,Indira Gandhi International Airport,4200,50.0,25.0
4.1,4314,5,6440,False,False,True,False,False,False,False,False,False,False,True,The Suryaa New Delhi,New Friends Colony,Indira Gandhi International Airport,15900,50.0,25.0
4.3,795,3,2731,False,False,True,False,False,False,False,True,False,False,False,The Hosteller Delhi | Private Rooms & Dorms,New Friends Colony,Chhatrapati Shivaji International Airport,7000,50.0,25.0
4.1,7908,5,11470,False,False,True,False,False,False,False,False,False,False,True,The LaLiT New Delhi,Connaught Place,Indira Gandhi International Airport,210,50.0,25.0
4.3,7275,5,5265,False,False,True,False,False,False,False,True,False,False,False,Radisson Blu Plaza Delhi Airport,Mahipalpur ,Indira Gandhi International Airport,5200,50.0,25.0
4.4,9130,5,11386,False,False,True,False,False,False,False,True,False,False,False,Roseate House New Delhi,Aerocity ,Indira Gandhi International Airport,3500,50.0,25.0
3.9,1550,4,2825,False,False,True,False,False,False,False,False,False,False,True,Lemon Tree Hotel East Delhi Mall Kaushambi,In Ghaziabad ,Indira Gandhi International Airport,44900,50.0,25.0
3.9,505,3,3390,False,False,True,False,False,False,False,False,False,False,True,YWCA OF DELHI BLUE TRIANGLE FAMILY HOSTEL,Connaught Place ,Indira Gandhi International Airport,19100,50.0,25.0
4.2,6933,4,2739,False,False,True,False,False,False,False,False,False,False,True,Hotel Trans International,Mahipalpur ,Indira Gandhi International Airport,4300,50.0,25.0
4.4,3845,5,8198,False,False,True,False,False,False,False,True,False,False,False,The Leela Ambience Convention Hotel Delhi,East Delhi,Indira Gandhi International Airport,2300,50.0,25.0
4.0,1696,5,6890,False,False,True,False,False,False,False,False,False,False,True,Jaypee Vasant Continental Hotel,Vasant Vihar ,Indira Gandhi International Airport,7600,50.0,25.0
3.8,412,3,3056,False,False,True,False,False,False,False,False,False,False,True,YWCA INTERNATIONAL GUEST HOUSE,Connaught Place ,Indira Gandhi International Airport,19900,50.0,25.0
4.1,2935,5,6869,False,False,True,False,False,False,False,False,False,False,True,Holiday Inn New Delhi Mayur Vihar,East Delhi,Indira Gandhi International Airport,13910,50.0,25.0
3.9,9726,4,5942,False,False,True,False,False,False,False,False,False,False,True,Lemon Tree Premier Delhi Airport,Aerocity ,Indira Gandhi International Airport,4100,50.0,25.0
3.8,2642,5,8333,False,False,True,False,False,False,False,False,False,False,True,Radisson Blu Marina Hotel Connaught Place,Connaught Place,Indira Gandhi International Airport,8100,50.0,25.0
4.1,4049,5,7923,False,False,True,False,False,False,False,False,False,False,True,The Metropolitan Hotel and Spa,Connaught Place,Indira Gandhi International Airport,2300,50.0,25.0
3.8,1885,5,15221,False,False,True,False,False,False,False,False,False,False,True,The Grand New Delhi,Vasant Kunj ,Indira Gandhi International Airport,7700,50.0,25.0
4.3,3398,5,9663,False,False,True,False,False,False,False,True,False,False,False,Crowne Plaza Mayur Vihar,East Delhi,Indira Gandhi International Airport,45470,50.0,25.0
4.3,4031,3,1948,False,False,True,False,False,False,False,True,False,False,False,Hotel Smart Plaza,Mahipalpur ,Indira Gandhi International Airport,4400,50.0,25.0
4.3,9760,4,2977,False,False,True,False,False,False,False,True,False,False,False,Hotel Aero Star,Mahipalpur ,Indira Gandhi International Airport,4300,50.0,25.0
3.0,108,3,3605,False,False,True,False,False,False,False,False,True,False,False,Golden Bliss Near IGI Airport Mahipalpur,Mahipalpur ,Indira Gandhi International Airport,4100,50.0,25.0
4.1,12005,3,2736,False,False,True,False,False,False,False,False,False,False,True,Hotel International Inn,Mahipalpur ,Indira Gandhi International Airport,4300,50.0,25.0
3.5,6779,5,10030,False,False,True,False,False,False,False,False,False,False,True,The Park New Delhi,Connaught Place ,Indira Gandhi International Airport,19730,50.0,25.0
3.7,5538,4,5880,False,False,True,False,False,False,False,False,False,False,True,ibis New Delhi Aerocity - An Accor Brand,Aerocity ,Indira Gandhi International Airport,4400,50.0,25.0
4.2,1076,3,1865,False,False,True,False,False,False,False,False,False,False,True,goSTOPS Delhi - Rooms & Dorms,Chandni Chowk ,Indira Gandhi International Airport,22200,50.0,25.0
3.4,10365,4,8264,False,False,True,False,False,False,False,False,True,False,False,Hotel The Royal Plaza,Connaught Place ,Indira Gandhi International Airport,19900,50.0,25.0
4.5,991,5,12494,False,False,True,False,False,False,False,True,False,False,False,"Taj Mahal, New Delhi",Man Singh Road Area ,Indira Gandhi International Airport,19900,50.0,25.0
3.7,2308,4,3136,False,False,True,False,False,False,False,False,False,False,True,Hotel Shanti Palace (Mahipalpur),Mahipalpur ,Indira Gandhi International Airport,4100,50.0,25.0
4.2,2906,5,14762,False,False,True,False,False,False,False,False,False,False,True,Aloft New Delhi Aerocity,Aerocity ,Indira Gandhi International Airport,4100,50.0,25.0
3.7,7268,5,6667,False,False,True,False,False,False,False,False,False,False,True,Radisson Blu Hotel New Delhi Dwarka,Sector 13 Dwarka,Indira Gandhi International Airport,4000,50.0,25.0
4.3,1202,4,2977,False,False,True,False,False,False,False,True,False,False,False,Hotel Star,Mahipalpur ,Indira Gandhi International Airport,4300,50.0,25.0
4.3,2197,5,11031,False,False,True,False,False,False,False,True,False,False,False,Pullman New Delhi International Airport- An Accor Luxury Brand,Aerocity ,Indira Gandhi International Airport,4200,50.0,25.0
4.3,5760,3,2665,False,False,True,False,False,False,False,True,False,False,False,Hotel Aman Continental @ Paharganj,Paharganj ,Indira Gandhi International Airport,22800,50.0,25.0
4.5,7913,5,13930,False,False,True,False,False,False,False,True,False,False,False,"Taj Palace, New Delhi",Chanakyapuri ,Indira Gandhi International Airport,7000,50.0,25.0
3.9,7509,3,3957,False,False,True,False,False,False,False,False,False,False,True,Red Fox Hotel Delhi Airport,Aerocity ,Indira Gandhi International Airport,4200,50.0,25.0
4.3,7707,5,7986,False,False,True,False,False,False,False,True,False,False,False,"Vivanta New Delhi, Dwarka",Sector 21 Dwarka,Indira Gandhi International Airport,210,50.0,25.0
4.3,2949,3,2664,False,False,True,False,False,False,False,True,False,False,False,The Gold Regency @ Paharganj,Paharganj ,Indira Gandhi International Airport,22800,50.0,25.0
4.5,1308,5,13131,False,False,True,False,False,False,False,True,False,False,False,JW Marriott Hotel New Delhi Aerocity,Aerocity ,Indira Gandhi International Airport,4100,50.0,25.0
4.3,2702,5,7524,False,False,True,False,False,False,False,True,False,False,False,Crowne Plaza Rohini,Rohini,Indira Gandhi International Airport,8100,50.0,25.0
3.7,3422,5,4680,False,False,True,False,False,False,False,False,False,False,True,"Park Plaza, Shahdara",East Delhi,Indira Gandhi International Airport,45470,50.0,25.0
4.3,1272,5,12244,False,False,True,False,False,False,False,True,False,False,False,Andaz Delhi - A concept by Hyatt,Aerocity ,Indira Gandhi International Airport,3900,50.0,25.0
3.9,256,3,964,False,False,True,False,False,False,False,False,False,False,True,Homestay AC Dormitory at Kashmiri Gate,North Delhi,Indira Gandhi International Airport,22000,50.0,25.0
3.9,390,5,7105,False,False,True,False,False,False,False,False,False,False,True,Zone Connect Saket Delhi,Saket,Chhatrapati Shivaji International Airport,35300,50.0,25.0
4.3,2802,5,7233,False,False,True,False,False,False,False,True,False,False,False,Crowne Plaza Okhla,Okhla Industrial Area,Indira Gandhi International Airport,25500,50.0,25.0
3.1,845,4,3584,False,False,True,False,False,False,False,False,True,False,False,Taurus Sarovar Portico,Mahipalpur ,Indira Gandhi International Airport,4000,50.0,25.0
4.5,449,5,17599,False,False,True,False,False,False,False,True,False,False,False,The Leela Palace New Delhi,Chanakyapuri ,Indira Gandhi International Airport,8500,50.0,25.0
4.4,1832,5,13105,False,False,True,False,False,False,False,True,False,False,False,Shangri-La Eros New Delhi,Connaught Place ,Indira Gandhi International Airport,19900,50.0,25.0
4.5,1706,5,10955,False,False,True,False,False,False,False,True,False,False,False,Sheraton New Delhi,Saket,Rajiv Gandhi International Airport,8500,50.0,25.0
3.6,850,5,6207,False,False,True,False,False,False,False,False,False,False,True,"Hyatt Centric Janakpuri, New Delhi",Janakpuri,Netaji Subhash Chandra Bose International Airport,4000,50.0,25.0
4.3,2009,5,11767,False,False,True,False,False,False,False,True,False,False,False,ITC Maurya - A Luxury Collection Hotel,Chanakyapuri ,Indira Gandhi International Airport,7400,50.0,25.0
4.2,1622,5,13056,False,False,True,False,False,False,False,False,False,False,True,Le Meridien Delhi,Connaught Place ,Indira Gandhi International Airport,19900,50.0,25.0
4.0,2733,5,5932,False,False,True,False,False,False,False,False,False,False,True,"Eros Hotel New Delhi ,Nehru Place",Near Nehru Place,Indira Gandhi International Airport,8100,50.0,25.0
3.7,2052,5,6748,False,False,True,False,False,False,False,False,False,False,True,Jaypee Siddharth Hotel,Pusa road ,Indira Gandhi International Airport,18500,50.0,25.0
4.0,3227,4,3156,False,False,True,False,False,False,False,False,False,False,True,Hotel Vertu,Mahipalpur ,Indira Gandhi International Airport,4200,50.0,25.0
4.0,4625,3,3107,False,False,True,False,False,False,False,False,False,False,True,"Le ROI, Delhi@ New Delhi Railway Station",Paharganj,Chhatrapati Shivaji International Airport,2300,50.0,25.0
3.7,176,3,1190,False,False,True,False,False,False,False,False,False,False,True,Ashiana Hotel @ New Delhi Railway Station,Paharganj ,Indira Gandhi International Airport,22800,50.0,25.0
4.3,2371,5,14188,False,False,True,False,False,False,False,True,False,False,False,The Roseate,Mahipalpur ,Indira Gandhi International Airport,8000,50.0,25.0
4.5,2016,4,8266,False,False,True,False,False,False,False,True,False,False,False,"The Connaught, New Delhi - IHCL SeleQtions",Connaught Place ,Indira Gandhi International Airport,19980,50.0,25.0
4.2,1655,5,9963,False,False,True,False,False,False,False,False,False,False,True,Hyatt Regency New Delhi,R.K. Puram ,Indira Gandhi International Airport,8300,50.0,25.0
3.2,2214,4,5152,False,False,True,False,False,False,False,False,True,False,False,Hotel Samrat,Chanakyapuri ,Indira Gandhi International Airport,9800,50.0,25.0
3.7,752,3,2688,False,False,True,False,False,False,False,False,False,False,True,Golden Keys Inn,North Delhi,Indira Gandhi International Airport,17600,50.0,25.0
3.5,3276,3,2853,False,False,True,False,False,False,False,False,False,False,True,Ginger East Delhi,East Delhi,Chhatrapati Shivaji International Airport,4200,50.0,25.0
3.6,1397,4,5853,False,False,True,False,False,False,False,False,False,False,True,The Hans,Connaught Place ,Indira Gandhi International Airport,20000,50.0,25.0
3.5,1620,4,5343,False,False,True,False,False,False,False,False,False,False,True,Ramada By Wyndham New Delhi Pitampura,North Delhi,Rajiv Gandhi International Airport,7600,50.0,25.0
3.6,967,5,9455,False,False,True,False,False,False,False,False,False,False,True,Svelte Hotel & Personal Suites,Saket,Kempegowda International Airport,8200,50.0,25.0
4.2,1838,3,3898,False,False,True,False,False,False,False,False,False,False,True,The Grand Uddhav,Paharganj ,Indira Gandhi International Airport,22800,50.0,25.0
3.4,2603,3,2349,False,False,True,False,False,False,False,False,True,False,False,Hotel Chanakya Inn,Mahipalpur ,Indira Gandhi International Airport,4100,50.0,25.0
3.9,528,4,2838,False,False,True,False,False,False,False,False,False,False,True,Hotel Viva Palace @ Delhi Airport,Mahipalpur ,Indira Gandhi International Airport,4200,50.0,25.0
3.8,5220,3,1516,False,False,True,False,False,False,False,False,False,False,True,Hotel Hari Piorko,Paharganj ,Indira Gandhi International Airport,22800,50.0,25.0
3.4,2350,3,2420,False,False,True,False,False,False,False,False,True,False,False,Hotel Southern,Karol bagh,Indira Gandhi International Airport,5800,50.0,25.0
4.3,8326,3,2977,False,False,True,False,False,False,False,True,False,False,False,Hotel Delhi 37,Mahipalpur ,Indira Gandhi International Airport,4300,50.0,25.0
3.6,1069,3,2600,False,False,True,False,False,False,False,False,False,False,True,Red Fox Hotel East Delhi,East Delhi,Netaji Subhash Chandra Bose International Airport,2200,50.0,25.0
2.3,3,3,3659,False,False,True,False,False,False,True,False,False,False,False,HOME@B11,East Of Kailash,Indira Gandhi International Airport,15300,50.0,25.0
3.9,2863,5,5614,False,False,True,False,False,False,False,False,False,False,True,The Umrao,Samalka ,Indira Gandhi International Airport,6500,50.0,25.0
4.1,1926,4,7332,False,False,True,False,False,False,False,False,False,False,True,IIDL Suites,East Delhi,Chhatrapati Shivaji International Airport,3100,50.0,25.0
4.0,1662,4,5509,False,False,True,False,False,False,False,False,False,False,True,Four Points by Sheraton Delhi,Samalka ,Indira Gandhi International Airport,6400,50.0,25.0
3.9,2681,4,6048,False,False,True,False,False,False,False,False,False,False,True,"Deventure Sarovar Portico, Kapashera, New Delhi",Delhi ,Indira Gandhi International Airport,8100,50.0,25.0
3.8,2618,4,4483,False,False,True,False,False,False,False,False,False,False,True,"Park Inn by Radisson, IP Extension- New Delhi",East Delhi,Indira Gandhi International Airport,4100,50.0,25.0
4.1,1055,5,12213,False,False,True,False,False,False,False,False,False,False,True,The Claridges New Delhi,Motilal Nehru Marg Area ,Indira Gandhi International Airport,19900,50.0,25.0
3.6,2047,4,3810,False,False,True,False,False,False,False,False,False,False,True,De Pavilion Hotel,Mahipalpur ,Indira Gandhi International Airport,4600,50.0,25.0
3.6,563,4,4535,False,False,True,False,False,False,False,False,False,False,True,Venizia Sarovar Portico,North Delhi,Indira Gandhi International Airport,130,50.0,25.0
2.5,676,3,3856,False,False,True,False,False,False,True,False,False,False,False,Centaur Hotel,Delhi Airport ,Indira Gandhi International Airport,2000,50.0,25.0
3.8,1180,3,3295,False,False,True,False,False,False,False,False,False,False,True,The Orion Plaza - Nehru Place,Near Nehru Place,Chhatrapati Shivaji International Airport,5200,50.0,25.0
3.4,1572,4,3167,False,False,True,False,False,False,False,False,True,False,False,Dee Marks Hotel & Resort Delhi Airport,Mahipalpur ,Indira Gandhi International Airport,8800,50.0,25.0
3.6,581,4,3353,False,False,True,False,False,False,False,False,False,False,True,HOTEL LE SEASONS,Mahipalpur ,Indira Gandhi International Airport,3800,50.0,25.0
3.4,1725,3,3371,False,False,True,False,False,False,False,False,True,False,False,Caspia Hotel New Delhi Shalimar Bagh,North Delhi,Rajiv Gandhi International Airport,8500,50.0,25.0
4.1,1856,4,9259,False,False,True,False,False,False,False,False,False,False,True,"Park Inn by Radisson, Lajpat Nagar",Andrews Ganj,Chhatrapati Shivaji International Airport,36300,50.0,25.0
3.6,1207,3,3816,False,False,True,False,False,False,False,False,False,False,True,Jukaso Inn Down Town,Connaught Place ,Indira Gandhi International Airport,19700,50.0,25.0
3.6,1764,4,4140,False,False,True,False,False,False,False,False,False,False,True,Hotel LA New Delhi,Mangolpuri,Chhatrapati Shivaji International Airport,5600,50.0,25.0
3.9,1337,3,2350,False,False,True,False,False,False,False,False,False,False,True,Kelvish Hotel Near Delhi Airport,Mahipalpur ,Indira Gandhi International Airport,5400,50.0,25.0
4.3,2000,5,7157,False,True,False,False,False,False,False,True,False,False,False,"Taj Club House, Chennai",Royapettah,Chennai International Airport,17870,100.0,25.0
3.7,8366,5,9365,False,True,False,False,False,False,False,False,False,False,True,The Park Chennai,Near US Consulate,Indira Gandhi International Airport,4300,100.0,25.0
4.3,1856,5,14815,False,True,False,False,False,False,False,True,False,False,False,"Taj Fisherman's Cove Resort & Spa, Chennai",Covelong ,Chennai International Airport,53300,100.0,25.0
4.0,7458,4,5703,False,True,False,False,False,False,False,False,False,False,True,Hotel Savera,Mylapore,Indira Gandhi International Airport,4200,100.0,25.0
4.1,2545,4,4699,False,True,False,False,False,False,False,False,False,False,True,Ibis Chennai OMR - An Accor Brand,Sholinganallur,Indira Gandhi International Airport,4100,100.0,25.0
4.5,784,5,11776,False,True,False,False,False,False,False,True,False,False,False,"Taj Coromandel, Chennai",Near US Consulate,Chhatrapati Shivaji International Airport,1900,100.0,25.0
4.2,1208,4,8182,False,True,False,False,False,False,False,False,False,False,True,Courtyard by Marriott Chennai,Mount road,Chennai International Airport,16200,100.0,25.0
4.3,3991,5,10103,False,True,False,False,False,False,False,True,False,False,False,Radisson Blu Hotel Chennai City Centre,Egmore,Indira Gandhi International Airport,2300,100.0,25.0
3.8,214,3,3501,False,True,False,False,False,False,False,False,False,False,True,FIRST INN HOTELS,Perungudi,Chhatrapati Shivaji International Airport,3400,100.0,25.0
3.9,2213,3,6173,False,True,False,False,False,False,False,False,False,False,True,Ibis Chennai City Centre - An Accor Brand,Mount road ,Chennai International Airport,16300,100.0,25.0
4.1,179,3,2266,False,True,False,False,False,False,False,False,False,False,True,Rohaan Inns - UPAR Ashok Nagar,Ashok Nagar ,Chennai International Airport,9400,100.0,25.0
4.4,1601,5,7840,False,True,False,False,False,False,False,True,False,False,False,"Vivanta Chennai, IT Expressway",Sholinganallur,Rajiv Gandhi International Airport,7600,100.0,25.0
4.5,1215,5,8968,False,True,False,False,False,False,False,True,False,False,False,"Taj Connemara, Chennai",Chennai,Chennai International Airport,17000,100.0,25.0
4.1,2314,4,7056,False,True,False,False,False,False,False,False,False,False,True,Four Points by Sheraton Chennai OMR,Sholinganallur,Chhatrapati Shivaji International Airport,10,100.0,25.0
4.5,3185,5,10087,False,True,False,False,False,False,False,True,False,False,False,Ramada Plaza by Wyndham,Saidapet ,Chennai International Airport,7600,100.0,25.0
4.4,1714,5,12795,False,True,False,False,False,False,False,True,False,False,False,Citadines OMRChennai,Sholinganallur,Rajiv Gandhi International Airport,8500,100.0,25.0
4.5,1261,5,11490,False,True,False,False,False,False,False,True,False,False,False,The Leela Palace Chennai,Raja Annamalai Puram,Chhatrapati Shivaji International Airport,4500,100.0,25.0
4.4,2376,5,9463,False,True,False,False,False,False,False,True,False,False,False,"The Raintree, Annasalai",Mount road,Indira Gandhi International Airport,8000,100.0,25.0
4.2,4529,4,6395,False,True,False,False,False,False,False,False,False,False,True,Hablis,Mount road ,Chennai International Airport,5900,100.0,25.0
4.3,1002,5,7885,False,True,False,False,False,False,False,True,False,False,False,Novotel Chennai Chamiers Road,Nandanam,Chennai International Airport,24700,100.0,25.0
4.2,1714,4,6791,False,True,False,False,False,False,False,False,False,False,True,The Residency,T Nagar,Rajiv Gandhi International Airport,8500,100.0,25.0
4.3,1151,5,8522,False,True,False,False,False,False,False,True,False,False,False,The Residency Towers,T Nagar,Chhatrapati Shivaji International Airport,1600,100.0,25.0
4.3,1001,5,6628,False,True,False,False,False,False,False,True,False,False,False,Novotel Chennai OMR - An Accor Brand,Sholinganallur,Chennai International Airport,24700,100.0,25.0
3.6,2962,3,3627,False,True,False,False,False,False,False,False,False,False,True,Hotel Southern Comfort ( Chennai Airport ),Chennai Airport ,Chennai International Airport,1300,100.0,25.0
3.6,3059,4,3390,False,True,False,False,False,False,False,False,False,False,True,Lemon Tree Hotel Chennai,Saidapet ,Chennai International Airport,7800,100.0,25.0
3.6,1911,4,3807,False,True,False,False,False,False,False,False,False,False,True,The Pride Hotel Chennai,Kilpauk,Chhatrapati Shivaji International Airport,3100,100.0,25.0
3.5,2282,3,4238,False,True,False,False,False,False,False,False,False,False,True,"Ginger Chennai, Vadapalani",Vadapalani,Chhatrapati Shivaji International Airport,7600,100.0,25.0
4.1,281,3,3349,False,True,False,False,False,False,False,False,False,False,True,UPAR Nungambakkam,Nungambakkam,Chennai International Airport,17900,100.0,25.0
3.5,2071,3,4667,False,True,False,False,False,False,False,False,False,False,True,Ginger Chennai,Tharamani,Chennai International Airport,13000,100.0,25.0
3.5,2087,4,4160,False,True,False,False,False,False,False,False,False,False,True,Holiday Inn Express Chennai OMR Thoraipakkam,Thoraipakkam,Chennai International Airport,16000,100.0,25.0
3.6,1158,4,4888,False,True,False,False,False,False,False,False,False,False,True,Raj Park Chennai,Teynampet,Chhatrapati Shivaji International Airport,1600,100.0,25.0
3.4,1592,4,3736,False,True,False,False,False,False,False,False,True,False,False,Hotel Abu Palace,Purasawalkam ,Chennai International Airport,19800,100.0,25.0
3.9,4600,4,5635,False,True,False,False,False,False,False,False,False,False,True,Ramada Chennai Egmore,Egmore,Chhatrapati Shivaji International Airport,2300,100.0,25.0
4.1,1152,5,9325,False,True,False,False,False,False,False,False,False,False,True,Hyatt Regency Chennai,Teynampet,Chhatrapati Shivaji International Airport,1600,100.0,25.0
4.0,1288,4,3934,False,True,False,False,False,False,False,False,False,False,True,"Lemon Tree Hotel, Shimona, Chennai",Manapakkam ,Chennai International Airport,9000,100.0,25.0
4.5,1140,5,14576,False,True,False,False,False,False,False,True,False,False,False,Trident Chennai,Chennai Airport ,Chennai International Airport,3000,100.0,25.0
4.2,1676,5,8390,False,True,False,False,False,False,False,False,False,False,True,Holiday Inn Chennai OMR IT Expressway,Thiruvanmiyur,Rajiv Gandhi International Airport,430,100.0,25.0
4.0,1479,3,3730,False,True,False,False,False,False,False,False,False,False,True,Ibis Chennai SIPCOT - An Accor Brand,Egatoor ,Chennai International Airport,48200,100.0,25.0
4.1,2220,5,8457,False,True,False,False,False,False,False,False,False,False,True,The Accord Metropolitan,T Nagar,Indira Gandhi International Airport,9800,100.0,25.0
4.5,525,5,9977,False,True,False,False,False,False,False,True,False,False,False,Park Hyatt Chennai,Guindy ,Chennai International Airport,7800,100.0,25.0
1.9,7,3,809,False,True,False,False,False,False,False,False,False,True,False,OYO Home Fantasea Uthandi Near Juhu Beach,Uthandi,Chennai International Airport,20300,100.0,25.0
4.2,1271,4,6963,False,True,False,False,False,False,False,False,False,False,True,Gokulam Park Sabari - Siruseri SIPCOT,Navallur,Chhatrapati Shivaji International Airport,4500,100.0,25.0
4.1,821,4,5886,False,True,False,False,False,False,False,False,False,False,True,BOULEVARD BY DESIGN HOTEL,Velachery ,Chennai International Airport,8700,100.0,25.0
4.2,983,4,6239,False,True,False,False,False,False,False,False,False,False,True,Fairfield by Marriott Chennai OMR,Sholinganallur,Chhatrapati Shivaji International Airport,23040,100.0,25.0
4.4,2603,5,13013,False,True,False,False,False,False,False,True,False,False,False,ITC Grand Chola - A Luxury Collection Hotel,Guindy ,Chennai International Airport,7800,100.0,25.0
4.0,1926,4,10511,False,True,False,False,False,False,False,False,False,False,True,The Ambassador Pallava,Egmore,Chhatrapati Shivaji International Airport,3100,100.0,25.0
3.9,1968,5,9315,False,True,False,False,False,False,False,False,False,False,True,Le Royal Meridien,Mount road ,Chennai International Airport,5600,100.0,25.0
4.7,327,5,12366,False,True,False,False,False,False,False,True,False,False,False,"Taj Wellington Mews, Chennai",Tharamani,Chhatrapati Shivaji International Airport,6700,100.0,25.0
4.3,855,5,8858,False,True,False,False,False,False,False,True,False,False,False,Novotel Chennai Sipcot - An Accor Brand,Egatoor ,Chennai International Airport,48600,100.0,25.0
3.4,874,3,2984,False,True,False,False,False,False,False,False,True,False,False,The Mount Manor,Chennai Airport ,Chennai International Airport,3800,100.0,25.0
4.2,1503,5,8064,False,True,False,False,False,False,False,False,False,False,True,Green Park Chennai,Vadapalani,Chhatrapati Shivaji International Airport,2600,100.0,25.0
3.2,196,3,3991,False,True,False,False,False,False,False,False,True,False,False,Mango Hill central Chennai,T Nagar,Chennai International Airport,54400,100.0,25.0
3.5,1192,3,1654,False,True,False,False,False,False,False,False,False,False,True,Venture Park,Thoraipakkam,Chhatrapati Shivaji International Airport,3400,100.0,25.0
4.5,1535,5,10260,False,True,False,False,False,False,False,True,False,False,False,Grand Chennai by GRT Hotels,T Nagar,Chhatrapati Shivaji International Airport,3200,100.0,25.0
3.7,101,3,3211,False,True,False,False,False,False,False,False,False,False,True,"Season 4 Residences, Nungambakkam",Near US Consulate,Indira Gandhi International Airport,4100,100.0,25.0
4.5,161,3,3543,False,True,False,False,False,False,False,True,False,False,False,Ginger Chennai OMR,Navallur,Chhatrapati Shivaji International Airport,880,100.0,25.0
3.5,2322,3,1937,False,True,False,False,False,False,False,False,False,False,True,Hotel Pandian,Egmore,Chhatrapati Shivaji International Airport,10,100.0,25.0
4.3,811,5,12026,False,True,False,False,False,False,False,True,False,False,False,Hilton Chennai,Guindy ,Chennai International Airport,8200,100.0,25.0
3.5,502,3,3821,False,True,False,False,False,False,False,False,False,False,True,FORTEL,Egmore,Chennai International Airport,18900,100.0,25.0
3.1,10,3,1758,False,True,False,False,False,False,False,False,True,False,False,Royal Park,Near Marina Beach,Chennai International Airport,17960,100.0,25.0
4.2,442,4,6663,False,True,False,False,False,False,False,False,False,False,True,Fairfield by Marriott Chennai Mahindra World City,Mahindra World City ,Chennai International Airport,62700,100.0,25.0
3.2,517,3,3118,False,True,False,False,False,False,False,False,True,False,False,Crossway Parklane Airport Hotel,Meenambakkam ,Chennai International Airport,2900,100.0,25.0
3.7,559,3,5223,False,True,False,False,False,False,False,False,False,False,True,Hotel Ashok Residency,Porur,Indira Gandhi International Airport,130,100.0,25.0
3.6,1869,5,2385,False,True,False,False,False,False,False,False,False,False,True,Hotel Greens Gate (Near Central station),Poongavanapuram,Chhatrapati Shivaji International Airport,780,100.0,25.0
4.0,159,3,6272,False,True,False,False,False,False,False,False,False,False,True,HOTEL RANJITH,Near US Consulate,Chhatrapati Shivaji International Airport,8400,100.0,25.0
4.2,510,5,7970,False,True,False,False,False,False,False,False,False,False,True,"Welcomhotel by ITC Hotels, GST Road, Chennai",Singaperumal Koil ,Chennai International Airport,60600,100.0,25.0
4.4,740,4,4283,False,True,False,False,False,False,False,True,False,False,False,Regenta Central RS Chennai SIPCOT OMR,Egatoor ,Chennai International Airport,48600,100.0,25.0
4.1,284,3,2778,False,True,False,False,False,False,False,False,False,False,True,CRESCENT PARK (near US Consulate Chennai),Nungambakkam,Chennai International Airport,19100,100.0,25.0
4.0,604,3,4704,False,True,False,False,False,False,False,False,False,False,True,Harrisons,Nungambakkam,Netaji Subhash Chandra Bose International Airport,1500,100.0,25.0
3.9,2900,4,32922,False,True,False,False,False,False,False,False,False,False,True,MGM Beach Resorts (15Kms before Mahabalipuram),Muttukadu ,Chennai International Airport,48800,100.0,25.0
4.0,198,5,4877,False,True,False,False,False,False,False,False,False,False,True,PARK PLAZA CHENNAI OMR,Thoraipakkam,Chennai International Airport,54400,100.0,25.0
4.3,447,5,9598,False,True,False,False,False,False,False,True,False,False,False,Feathers A Radha Hotel Chennai,Manapakkam ,Chennai International Airport,9700,100.0,25.0
3.2,1120,3,4563,False,True,False,False,False,False,False,False,True,False,False,V7 HOTEL,Porur,Netaji Subhash Chandra Bose International Airport,5800,100.0,25.0
3.7,400,3,3036,False,True,False,False,False,False,False,False,False,False,True,"Keys Select by Lemon Tree Hotels, Katti-Ma, Chennai",Adyar,Chhatrapati Shivaji International Airport,2900,100.0,25.0
4.2,109,3,1414,False,True,False,False,False,False,False,False,False,False,True,Hostel Gandhi,Saidapet ,Chennai International Airport,8000,100.0,25.0
3.6,1402,3,2554,False,True,False,False,False,False,False,False,False,False,True,Grand Cascade,Poongavanapuram ,Chennai International Airport,20100,100.0,25.0
4.3,392,4,3332,False,True,False,False,False,False,False,True,False,False,False,Days Hotel Chennai OMR,Kelambakkam ,Chennai International Airport,52300,100.0,25.0
4.0,421,3,3481,False,True,False,False,False,False,False,False,False,False,True,PP Residency,Chennai ,Chennai International Airport,52000,100.0,25.0
3.5,52,3,3448,False,True,False,False,False,False,False,False,False,False,True,Highnest | Rooms & Caretaker,Kattankolatur R.F. ,Chennai International Airport,57600,100.0,25.0
3.9,1064,3,2464,False,True,False,False,False,False,False,False,False,False,True,Grand Elegant,Poongavanapuram,Netaji Subhash Chandra Bose International Airport,2200,100.0,25.0
4.5,217,3,8400,False,True,False,False,False,False,False,True,False,False,False,Accord Chrome,Chromepet ,Chennai International Airport,5400,100.0,25.0
3.6,1338,3,3217,False,True,False,False,False,False,False,False,False,False,True,AVENUE HOTEL -CHENNAI AIRPORT,Pallavaram ,Chennai International Airport,3100,100.0,25.0
4.0,323,3,3763,False,True,False,False,False,False,False,False,False,False,True,La Woods hotel (1Km from us consulate chennai),Mount road,Chhatrapati Shivaji International Airport,6700,100.0,25.0
4.1,590,4,7559,False,True,False,False,False,False,False,False,False,False,True,E Hotel,Royapettah,Netaji Subhash Chandra Bose International Airport,480,100.0,25.0
3.6,210,3,2530,False,True,False,False,False,False,False,False,False,False,True,Hotel Bakya Slot - Maraimalai Nagar,Maraimalai Nagar ,Chennai International Airport,54400,100.0,25.0
4.3,73,3,5750,False,True,False,False,False,False,False,True,False,False,False,Pharos Hotels,Nungambakkam,Chennai International Airport,17100,100.0,25.0
4.0,290,3,2521,False,True,False,False,False,False,False,False,False,False,True,Al Noor Palace,Triplicane ,Chennai International Airport,19100,100.0,25.0
4.0,68,3,4770,False,True,False,False,False,False,False,False,False,False,True,JS Five two By twinstar hotel,Raja Annamalai Puram,Chhatrapati Shivaji International Airport,3700,100.0,25.0
4.3,490,3,4256,False,True,False,False,False,False,False,True,False,False,False,HOTEL HALEZ,Sholinganallur,Chennai International Airport,7400,100.0,25.0
4.1,63,4,4468,False,True,False,False,False,False,False,False,False,False,True,Essentia Premier Hotel,Thoraipakkam,Chhatrapati Shivaji International Airport,3700,100.0,25.0
4.0,785,3,3226,False,True,False,False,False,False,False,False,False,False,True,ILARA Hotel & Spa,Navallur,Chhatrapati Shivaji International Airport,1900,100.0,25.0
3.8,886,3,4045,False,True,False,False,False,False,False,False,False,False,True,The Centrepoint OMR,Sholinganallur,Chennai International Airport,18300,100.0,25.0
3.3,260,3,3682,False,True,False,False,False,False,False,False,True,False,False,"KLASE HOTELS, GUINDY",Mount road ,Chennai International Airport,8400,100.0,25.0
4.0,745,4,3960,False,True,False,False,False,False,False,False,False,False,True,Just Guest House,Pazhavanthangal ,Chennai International Airport,4000,100.0,25.0
3.6,490,3,1545,False,True,False,False,False,False,False,False,False,False,True,GRAND OLIVER,Poongavanapuram,Chennai International Airport,19900,100.0,25.0
4.2,70,5,6580,False,True,False,False,False,False,False,False,False,False,True,Mercure Chennai Sriperumbudur - An Accor Brand,Oragadam ,Chennai International Airport,60000,100.0,25.0
3.4,243,3,2990,False,True,False,False,False,False,False,False,True,False,False,ZAITH RESIDENCY,Thousand Lights,Chennai International Airport,20200,100.0,25.0
4.0,422,3,3131,False,True,False,False,False,False,False,False,False,False,True,Mount Kailash Suites,Mount road ,Chennai International Airport,9200,100.0,25.0
3.6,395,3,2208,False,True,False,False,False,False,False,False,False,False,True,The Mount City near US Consulate,Triplicane ,Chennai International Airport,20200,100.0,25.0
3.9,4187,5,9821,True,False,False,False,False,False,False,False,False,False,True,The Park Bangalore,Ulsoor,Kempegowda International Airport,32300,100.0,30.0
4.0,2201,4,2040,True,False,False,False,False,False,False,False,False,False,True,"Keys Select by Lemon Tree Hotels, Whitefield, Bengaluru",Brookefield,Chhatrapati Shivaji International Airport,7200,100.0,30.0
4.4,1315,5,10231,True,False,False,False,False,False,False,True,False,False,False,ITC Windsor - A Luxury Collection Hotel,Vasanth Nagar ,Kempegowda International Airport,33600,100.0,30.0
4.0,5089,5,3265,True,False,False,False,False,False,False,False,False,False,True,Lemon Tree Premier Ulsoor Lake Bangalore,Sivanchetti Gardens ,Kempegowda International Airport,32300,100.0,30.0
4.0,3290,4,3536,True,False,False,False,False,False,False,False,False,False,True,"Keys Select by Lemon Tree Hotels, Hosur Road, Bengaluru",Hosur road,Chhatrapati Shivaji International Airport,4200,100.0,30.0
3.8,4764,5,8120,True,False,False,False,False,False,False,False,False,False,True,The Chancery Pavilion,Ashok Nagar ,Kempegowda International Airport,32400,100.0,30.0
4.3,2372,5,12364,True,False,False,False,False,False,False,True,False,False,False,Radisson Blu Atria Bengaluru,Palace road,Indira Gandhi International Airport,8000,100.0,30.0
4.1,2314,4,3614,True,False,False,False,False,False,False,False,False,False,True,Lemon Tree Hotel Electronics City Bangalore,Electronic City,Chhatrapati Shivaji International Airport,10,100.0,30.0
4.3,2076,5,9068,True,False,False,False,False,False,False,True,False,False,False,"Welcomhotel by ITC Hotels, Richmond Road, Bengaluru",Richmond road,Kempegowda International Airport,36700,100.0,30.0
4.3,426,5,10315,True,False,False,False,False,False,False,True,False,False,False,Grand Mercure Bangalore - An Accor Brand,Koramangala,Kempegowda International Airport,34200,100.0,30.0
3.7,1602,3,4160,True,False,False,False,False,False,False,False,False,False,True,Holiday Inn Express Bengaluru Yeshwantpur,Tumkur road,Rajiv Gandhi International Airport,7600,100.0,30.0
4.2,500,3,1367,True,False,False,False,False,False,False,False,False,False,True,goSTOPS Bengaluru - Rooms & Dorms,Gandhi Nagar,Kempegowda International Airport,32700,100.0,30.0
4.0,2156,5,8239,True,False,False,False,False,False,False,False,False,False,True,Holiday Inn Bengaluru Racecourse,Gandhi Nagar,Kempegowda International Airport,30980,100.0,30.0
4.0,2944,5,6619,True,False,False,False,False,False,False,False,False,False,True,Fortune Select JP Cosmos - Member ITC Hotel Group,Vasanth Nagar ,Kempegowda International Airport,34100,100.0,30.0
4.2,1162,5,7185,True,False,False,False,False,False,False,False,False,False,True,Hyatt Centric MG Road Bangalore,Ulsoor,Chhatrapati Shivaji International Airport,2500,100.0,30.0
3.9,1805,4,6455,True,False,False,False,False,False,False,False,False,False,True,Ibis Bengaluru City Centre - An Accor Brand,Sampangi Rama Nagar ,Kempegowda International Airport,34500,100.0,30.0
4.0,1618,4,4943,True,False,False,False,False,False,False,False,False,False,True,"The Fern Residency - Yeshwanthpur, Bengaluru",Tumkur road,Rajiv Gandhi International Airport,7600,100.0,30.0
3.7,664,3,3356,True,False,False,False,False,False,False,False,False,False,True,Ashraya International Hotel,Infantry Road ,Kempegowda International Airport,32300,100.0,30.0
4.3,1865,4,6102,True,False,False,False,False,False,False,True,False,False,False,Davanam Sarovar Portico Suites,Koramangala,Chhatrapati Shivaji International Airport,3200,100.0,30.0
4.6,1715,5,10455,True,False,False,False,False,False,False,True,False,False,False,"Taj M G Road, Bengaluru",Sivanchetti Gardens ,Kempegowda International Airport,32900,100.0,30.0
4.4,222,3,1407,True,False,False,False,False,False,False,True,False,False,False,Draper Startup House Koramangala | Dorms & Rooms,Koramangala,Kempegowda International Airport,31800,100.0,30.0
3.8,2542,5,8052,True,False,False,False,False,False,False,False,False,False,True,The Lalit Ashok Bangalore,Seshadripuram,Indira Gandhi International Airport,970,100.0,30.0
4.3,1022,5,7465,True,False,False,False,False,False,False,True,False,False,False,"Vivanta Bengaluru, Residency Road",Residency Road ,Kempegowda International Airport,31500,100.0,30.0
4.1,237,4,4886,True,False,False,False,False,False,False,False,False,False,True,ibis Bengaluru Hebbal - An Accor Brand,Hebbal,Chhatrapati Shivaji International Airport,3200,100.0,30.0
4.2,1791,5,8703,True,False,False,False,False,False,False,False,False,False,True,Vividus,Gandhi Nagar,Chhatrapati Shivaji International Airport,5600,100.0,30.0
4.1,1869,5,5009,True,False,False,False,False,False,False,False,False,False,True,Citrus Hotel Cunningham,Cunningham Road ,Kempegowda International Airport,32000,100.0,30.0
3.9,527,4,4552,True,False,False,False,False,False,False,False,False,False,True,Citrus Classic Bengaluru,Outer Ring Road,Indira Gandhi International Airport,4200,100.0,30.0
4.6,2138,5,8490,True,False,False,False,False,False,False,True,False,False,False,"Taj Yeshwantpur, Bengaluru",Tumkur road,Kempegowda International Airport,30980,100.0,30.0
4.1,2327,4,3190,True,False,False,False,False,False,False,False,False,False,True,Lemon Tree Hotel Whitefield,Brookefield,Indira Gandhi International Airport,10,100.0,30.0
4.4,4271,4,6780,True,False,False,False,False,False,False,True,False,False,False,Ramada Encore,Domlur Layout,Kempegowda International Airport,32300,100.0,30.0
3.9,1381,3,4710,True,False,False,False,False,False,False,False,False,False,True,Ibis Bengaluru Hosur Road - An Accor Brand,Hosur road,Chhatrapati Shivaji International Airport,2200,100.0,30.0
4.7,1565,5,12252,True,False,False,False,False,False,False,True,False,False,False,"The Oberoi, Bengaluru",Ulsoor,Kempegowda International Airport,35400,100.0,30.0
3.5,1242,3,4012,True,False,False,False,False,False,False,False,False,False,True,Holiday Inn Express Bengaluru Whitefield ITPL,Whitefield,Chhatrapati Shivaji International Airport,4500,100.0,30.0
3.8,1973,4,1645,True,False,False,False,False,False,False,False,False,False,True,The Hosteller Bangalore Brigade Road,Ashok Nagar ,Kempegowda International Airport,32200,100.0,30.0
3.6,1639,3,3552,True,False,False,False,False,False,False,False,False,False,True,Ginger Bangalore (IRR),Domlur Layout,Indira Gandhi International Airport,8300,100.0,30.0
4.1,1537,5,7704,True,False,False,False,False,False,False,False,False,False,True,Gokulam Grand Hotel & Spa,Mathikere,Chhatrapati Shivaji International Airport,3200,100.0,30.0
4.4,191,3,4677,True,False,False,False,False,False,False,True,False,False,False,Bloom Hotel - Airport Road Bengaluru,Near Bangalore Airport ,Kempegowda International Airport,7700,100.0,30.0
3.8,686,3,3356,True,False,False,False,False,False,False,False,False,False,True,Hotel Ramanashree Richmond Circle,Sampangi Rama Nagar ,Kempegowda International Airport,34800,100.0,30.0
3.7,1750,3,3364,True,False,False,False,False,False,False,False,False,False,True,JP CORDIAL,Majestic,Chhatrapati Shivaji International Airport,5600,100.0,30.0
4.6,1172,5,13023,True,False,False,False,False,False,False,True,False,False,False,Taj Bangalore,Near Bangalore Airport ,Kempegowda International Airport,900,100.0,30.0
4.5,1283,4,8615,True,False,False,False,False,False,False,True,False,False,False,Radisson Bengaluru City Center,Ulsoor,Chennai International Airport,9000,100.0,30.0
3.8,1526,4,5151,True,False,False,False,False,False,False,False,False,False,True,The Pride Hotel Bangalore,Richmond road ,Kempegowda International Airport,35300,100.0,30.0
4.1,643,4,5289,True,False,False,False,False,False,False,False,False,False,True,BloomSuites | Electronic City,Electronic City,Chhatrapati Shivaji International Airport,3600,100.0,30.0
3.9,1320,4,3954,True,False,False,False,False,False,False,False,False,False,True,Southern Star Bangalore,Ashok Nagar ,Kempegowda International Airport,30910,100.0,30.0
3.7,3836,4,6522,True,False,False,False,False,False,False,False,False,False,True,Royal Orchid Central Bangalore,Ulsoor ,Kempegowda International Airport,32300,100.0,30.0
4.1,963,4,3504,True,False,False,False,False,False,False,False,False,False,True,Shivas Galaxy Hotel,Near Bangalore Airport ,Kempegowda International Airport,8200,100.0,30.0
4.7,100,5,25620,True,False,False,False,False,False,False,True,False,False,False,JW Marriott Bengaluru Prestige Golfshire Resort and Spa,In Devanhalli ,Kempegowda International Airport,20300,100.0,30.0
4.0,838,3,3691,True,False,False,False,False,False,False,False,False,False,True,La Sara Grand (Formerly Known as Nandhana Grand),Koramangala,Netaji Subhash Chandra Bose International Airport,4000,100.0,30.0
3.9,762,5,5273,True,False,False,False,False,False,False,False,False,False,True,Zone By The Park Infantry,Infantry Road ,Kempegowda International Airport,31900,100.0,30.0
3.9,2155,4,5220,True,False,False,False,False,False,False,False,False,False,True,The Chancery,Ashok Nagar ,Kempegowda International Airport,30980,100.0,30.0
3.1,321,3,1247,True,False,False,False,False,False,False,False,True,False,False,Nash Inn Electronic City,Electronic City,Kempegowda International Airport,31400,100.0,30.0
4.2,1159,5,8935,True,False,False,False,False,False,False,False,False,False,True,Radisson Blu Bengaluru Outer Ring Road,Outer Ring Road,Chhatrapati Shivaji International Airport,1600,100.0,30.0
3.7,1198,3,3308,True,False,False,False,False,False,False,False,False,False,True,"Ginger Bangalore, Whitefield",Brookefield,Chhatrapati Shivaji International Airport,3400,100.0,30.0
3.9,2185,5,8140,True,False,False,False,False,False,False,False,False,False,True,Hotel Royal Orchid Bangalore,Domlur Layout,Chhatrapati Shivaji International Airport,7200,100.0,30.0
4.3,13,3,1589,True,False,False,False,False,False,False,True,False,False,False,"The Hosteller Bangalore, Koramangala",Koramangala,Kempegowda International Airport,25960,100.0,30.0
3.4,695,4,2004,True,False,False,False,False,False,False,False,True,False,False,Silicon City Hotel,Hosur road,Chhatrapati Shivaji International Airport,7600,100.0,30.0
3.8,1928,4,5932,True,False,False,False,False,False,False,False,False,False,True,Country Inn And Suites By Radisson Bengaluru Hebbal,Hebbal,Chhatrapati Shivaji International Airport,3100,100.0,30.0
4.0,2624,3,1978,True,False,False,False,False,False,False,False,False,False,True,Octave Himalaya Monarch,Gandhi Nagar,Indira Gandhi International Airport,4100,100.0,30.0
4.7,62,4,7695,True,False,False,False,False,False,False,True,False,False,False,Greenpark Bengaluru,Bannerghatta Main road,Chhatrapati Shivaji International Airport,3700,100.0,30.0
4.5,1389,5,12448,True,False,False,False,False,False,False,True,False,False,False,ITC Gardenia - A Luxury Collection Hotel,Ashok Nagar ,Kempegowda International Airport,32100,100.0,30.0
4.0,1189,3,3355,True,False,False,False,False,False,False,False,False,False,True,The Continentti Whitefield,Brookefield,Chhatrapati Shivaji International Airport,3400,100.0,30.0
3.9,775,4,4475,True,False,False,False,False,False,False,False,False,False,True,The Monarch Luxur,Infantry Road ,Kempegowda International Airport,31600,100.0,30.0
3.9,875,3,3920,True,False,False,False,False,False,False,False,False,False,True,Ballal Residency,Residency Road ,Kempegowda International Airport,32300,100.0,30.0
4.2,142,3,1330,True,False,False,False,False,False,False,False,False,False,True,Hibernest Indiranagar,Indiranagar,Chhatrapati Shivaji International Airport,8400,100.0,30.0
3.8,1876,4,5790,True,False,False,False,False,False,False,False,False,False,True,Fortune Park JP Celestial-Member ITC Hotel Group,Gandhi Nagar,Chhatrapati Shivaji International Airport,780,100.0,30.0
4.2,438,3,3931,True,False,False,False,False,False,False,False,False,False,True,"Click Hotel Bangalore, International Airport",Near Bangalore Airport ,Kempegowda International Airport,8000,100.0,30.0
3.4,91,3,2733,True,False,False,False,False,False,False,False,True,False,False,Omatra Hotel HSR,Outer Ring Road,Kempegowda International Airport,41900,100.0,30.0
3.3,627,3,2641,True,False,False,False,False,False,False,False,True,False,False,Svenska Design Hotel,Electronic City,Netaji Subhash Chandra Bose International Airport,3600,100.0,30.0
3.9,1341,4,2570,True,False,False,False,False,False,False,False,False,False,True,Peninsula Suites,Whitefield,Chennai International Airport,3100,100.0,30.0
4.1,1016,4,6577,True,False,False,False,False,False,False,False,False,False,True,Iris Hotel & Spa Bangalore,Residency Road ,Kempegowda International Airport,32100,100.0,30.0
4.2,47,3,2052,True,False,False,False,False,False,False,False,False,False,True,SM Royal Stay Hotel near Intl Airport Bangalore,Near Bangalore Airport ,Kempegowda International Airport,5000,100.0,30.0
4.5,584,5,14200,True,False,False,False,False,False,False,True,False,False,False,Shangri-La Bengaluru,Palace road ,Kempegowda International Airport,33100,100.0,30.0
4.6,213,5,11370,True,False,False,False,False,False,False,True,False,False,False,The Leela Bhartiya City Bengaluru,Tirumanahalli,Chhatrapati Shivaji International Airport,3700,100.0,30.0
4.1,526,4,4976,True,False,False,False,False,False,False,False,False,False,True,"Holiday Inn Express & Suites, OMR Bengaluru",Whitefield,Indira Gandhi International Airport,4200,100.0,30.0
3.9,883,4,6123,True,False,False,False,False,False,False,False,False,False,True,Fairfield By Marriott Bengaluru Rajajinagar,Rajajinagar,Kempegowda International Airport,34000,100.0,30.0
4.3,662,5,7281,True,False,False,False,False,False,False,True,False,False,False,The Zuri Whitefield,Whitefield,Kempegowda International Airport,32300,100.0,30.0
4.1,79,3,3480,True,False,False,False,False,False,False,False,False,False,True,MAYBAACH HOTELS,Marathahalli,Kempegowda International Airport,44800,100.0,30.0
3.5,923,4,3190,True,False,False,False,False,False,False,False,False,False,True,Regenta Place Bangalore by Royal Orchid Hotels Limited,Shivaji Nagar ,Kempegowda International Airport,32200,100.0,30.0
3.6,1024,3,2765,True,False,False,False,False,False,False,False,False,False,True,Icon Business Hotel by Bhagini,HAL old airport road,Kempegowda International Airport,32100,100.0,30.0
4.1,732,5,8136,True,False,False,False,False,False,False,False,False,False,True,Sterlings Mac Hotel & Suites,HAL old airport road,Kempegowda International Airport,30800,100.0,30.0
4.3,36,3,3159,True,False,False,False,False,False,False,True,False,False,False,Nexstay Kites Inn,Hosur road,Kempegowda International Airport,30000,100.0,30.0
4.5,1048,5,17082,True,False,False,False,False,False,False,True,False,False,False,The Leela Palace Bengaluru,HAL old airport road,Netaji Subhash Chandra Bose International Airport,2200,100.0,30.0
3.8,319,3,2652,True,False,False,False,False,False,False,False,False,False,True,Omatra Infantry Road | Rooms in a Homestay,Infantry Road ,Kempegowda International Airport,31400,100.0,30.0
3.9,24,3,5980,True,False,False,False,False,False,False,False,False,False,True,Bloom Hotel HSR Layout Sector 3,HSR Layout,Kempegowda International Airport,25140,100.0,30.0
3.7,1552,3,3528,True,False,False,False,False,False,False,False,False,False,True,NOOR EMPIRE INTERNATIONAL,Koramangala,Chhatrapati Shivaji International Airport,24000,100.0,30.0
3.5,468,3,3528,True,False,False,False,False,False,False,False,False,False,True,Attide Biz,Hebbal,Kempegowda International Airport,71000,100.0,30.0
4.3,285,3,2987,True,False,False,False,False,False,False,True,False,False,False,Stayhome Classic,Bilekahalli,Kempegowda International Airport,43500,100.0,30.0
4.3,849,5,10108,True,False,False,False,False,False,False,True,False,False,False,DoubleTree Suites by Hilton,Outer Ring Road,Netaji Subhash Chandra Bose International Airport,4000,100.0,30.0
4.1,874,3,5041,True,False,False,False,False,False,False,False,False,False,True,Bloomrooms @ Indiranagar,Indiranagar,Kempegowda International Airport,34000,100.0,30.0
4.2,875,4,4407,True,False,False,False,False,False,False,False,False,False,True,RG Royal Hotel,Yeshwanthpur,Kempegowda International Airport,34000,100.0,30.0
4.8,302,5,15262,True,False,False,False,False,False,False,True,False,False,False,Four Seasons Hotel Bengaluru at Embassy One,Ganganagar ,Kempegowda International Airport,28800,100.0,30.0
3.0,348,3,1901,True,False,False,False,False,False,False,False,True,False,False,Ramee Strand inn,Hosur road,Chhatrapati Shivaji International Airport,2300,100.0,30.0
3.6,139,4,4781,True,False,False,False,False,False,False,False,False,False,True,Shravanthi Sarovar Portico JP Nagar,Outer Ring Road,Chhatrapati Shivaji International Airport,7900,100.0,30.0
4.3,959,5,7997,True,False,False,False,False,False,False,True,False,False,False,"Vivanta Bengaluru, Whitefield",Whitefield,Kempegowda International Airport,8200,100.0,30.0
3.5,712,3,2006,True,False,False,False,False,False,False,False,False,False,True,Octave Church Inn,Church Street ,Kempegowda International Airport,30094,100.0,30.0
4.0,221,3,2434,True,False,False,False,False,False,False,False,False,False,True,Mastiff Infantry Bengaluru,Infantry Road ,Kempegowda International Airport,31800,100.0,30.0
